site_no,Power.avg,Period,Power.avg.pval
10281800,0.007516190665520862,0.06666666666666667,1
10281800,0.009117988561065443,0.06901766158942517,1
10281800,0.010628503275400365,0.0714515641690862,1
10281800,0.011956864096460025,0.07397129813785633,1
10281800,0.013064706980697078,0.07657989033313566,1
10281800,0.013973770245472684,0.07928047433351472,1
10281800,0.014750728783540532,0.08207629422299442,1
10281800,0.015478458298270827,0.08497070848795081,1
10281800,0.016228806910841557,0.08796719405152627,1
10281800,0.017047492581752303,0.09106935045029302,1
10281800,0.0179524086597204,0.09428090415820632,1
10281800,0.018940378994038713,0.09760571306304168,1
10281800,0.019996749351987076,0.1010477711006932,1
10281800,0.02110416964451635,0.1046112130529001,1
10281800,0.022248605327150613,0.10830031951416473,1
10281800,0.023421853207556225,0.11211952203382859,1
10281800,0.024621477961071628,0.11607340843948322,1
10281800,0.02585082962442944,0.1201667283481107,1
10281800,0.027121880289629037,0.12440439887157431,1
10281800,0.028460498018903893,0.12879151052331275,1
10281800,0.02990888852053012,0.13333333333333333,1
10281800,0.03151810798470206,0.13803532317885034,1
10281800,0.033328843930310645,0.1429031283381724,1
10281800,0.03534910512898411,0.14794259627571266,1
10281800,0.03754489610359684,0.1531597806662713,1
10281800,0.039856352143254274,0.15856094866702944,1
10281800,0.042236974308353256,0.16415258844598885,1
10281800,0.04469725037700387,0.16994141697590162,1
10281800,0.047328972791446836,0.1759343881030526,1
10281800,0.050297678179478195,0.18213870090058606,1
10281800,0.05380906624618426,0.18856180831641264,1
10281800,0.058066533501255346,0.19521142612608336,1
10281800,0.0632346074952506,0.2020955422013864,1
10281800,0.06941330229535954,0.2092224261058002,1
10281800,0.07662152272345812,0.21660063902832946,1
10281800,0.08478768045142637,0.22423904406765718,1
10281800,0.09374969840893524,0.23214681687896643,1
10281800,0.10326993987909663,0.2403334566962214,1
10281800,0.11306903129898269,0.24880879774314865,1
10281800,0.12287277584413678,0.2575830210466255,1
10281800,0.13245269881194738,0.26666666666666666,1
10281800,0.14163892061261632,0.27607064635770073,1
10281800,0.1503056094881585,0.2858062566763448,1
10281800,0.15835943037303205,0.29588519255142526,1
10281800,0.16576637866212143,0.3063195613325426,1
10281800,0.1726180511103748,0.3171218973340589,1
10281800,0.17919129732488642,0.32830517689197775,1
10281800,0.18593657361264354,0.33988283395180324,1
10281800,0.1933584802349631,0.35186877620610524,1
10281800,0.20181361815935236,0.36427740180117213,1
10281800,0.21131364477662398,0.3771236166328253,1
10281800,0.2214473196968482,0.3904228522521668,1
10281800,0.23149951977707742,0.4041910844027728,1
10281800,0.2407556824961344,0.41844485221160044,1
10281800,0.24887757677988193,0.4332012780566589,1
10281800,0.2561735079118904,0.44847808813531437,1
10281800,0.26360629902267524,0.464293633757933,1
10281800,0.2724961212325656,0.4806669133924428,1
10281800,0.28403497980489717,0.49761759548629736,1
10281800,0.2988394402538358,0.515166042093251,1
10281800,0.31674987481728334,0.5333333333333333,1
10281800,0.3369458556867538,0.5521412927154015,1
10281800,0.35827827418307623,0.5716125133526896,1
10281800,0.37962286063932643,0.5917703851028507,1
10281800,0.4000867426078767,0.6126391226650852,1
10281800,0.41902055576096686,0.6342437946681178,1
10281800,0.43591705084358007,0.6566103537839555,1
10281800,0.450328820140959,0.6797656679036065,1
10281800,0.46189226782207626,0.7037375524122105,1
10281800,0.4704524985817944,0.7285548036023443,1
10281800,0.47621188750581284,0.7542472332656506,1
10281800,0.4798075949451674,0.7808457045043335,1
10281800,0.48225465677124485,0.8083821688055456,1
10281800,0.4847472420303743,0.8368897044232009,1
10281800,0.4883674635259441,0.8664025561133178,1
10281800,0.4937933430668253,0.8969561762706287,1
10281800,0.5011133202168507,0.928587267515866,1
10281800,0.509831041616611,0.9613338267848855,1
10281800,0.5190766635568707,0.9952351909725947,1
10281800,0.527949661982716,1.030332084186502,1
10281800,0.5358498179229937,1.0666666666666667,1
10281800,0.5426559888104118,1.1042825854308025,1
10281800,0.5486930174375626,1.1432250267053796,1
10281800,0.5545321112327136,1.1835407702057015,1
10281800,0.5607299555245411,1.2252782453301705,1
10281800,0.5676072180364699,1.2684875893362355,1
10281800,0.57513352295657,1.3132207075679105,1
10281800,0.5829556603181358,1.3595313358072134,1
10281800,0.5905688827500477,1.407475104824421,1
10281800,0.5975689209627367,1.4571096072046885,1
10281800,0.6038617751456715,1.5084944665313011,0.99
10281800,0.6097120434070431,1.5616914090086667,0.91
10281800,0.6156022599005371,1.6167643376110916,0.75
10281800,0.6219961885278181,1.6737794088464018,0.51
10281800,0.6291553252879903,1.7328051122266357,0.26
10281800,0.6371094166372148,1.7939123525412575,0.07
10281800,0.645772903825747,1.8571745350317324,0.02
10281800,0.6551226646642423,1.9226676535697715,0.01
10281800,0.665368802863171,1.9904703819451894,0
10281800,0.677110713347697,2.060664168373004,0
10281800,0.6914630861687783,2.1333333333333333,0
10281800,0.7100656331042037,2.2085651708616063,0
10281800,0.734918321996485,2.2864500534107592,0
10281800,0.7681678579607126,2.367081540411403,0
10281800,0.8120684041574934,2.450556490660341,0
10281800,0.8690932628533539,2.536975178672471,0
10281800,0.9417752108765897,2.626441415135823,0
10281800,1.0318742792271733,2.719062671614427,0
10281800,1.1391957184688968,2.814950209648842,0
10281800,1.2612770199275347,2.914219214409377,0
10281800,1.3952021932513536,3.0169889330626023,0
10281800,1.5414201504270235,3.123382818017335,0
10281800,1.7072866702611202,3.2335286752221832,0
10281800,1.9067789943176838,3.3475588176928035,0
10281800,2.1540050313038104,3.4656102244532714,0
10281800,2.45183472599332,3.587824705082515,0
10281800,2.7812906414101772,3.7143490700634647,0
10281800,3.0992816026406773,3.845335307139543,0
10281800,3.3498743509527635,3.980940763890379,0
10281800,3.4880174097791774,4.121328336746008,0
10281800,3.507092526152172,4.266666666666667,0
10281800,3.4567142514292835,4.417130341723213,0
10281800,3.4388333811145517,4.5729001068215185,0
10281800,3.5799498164534325,4.734163080822806,0
10281800,3.990262788490722,4.901112981320682,0
10281800,4.726739326250896,5.073950357344942,0
10281800,5.770723863384722,5.252882830271646,0
10281800,7.019403820061201,5.438125343228854,0
10281800,8.288238846505246,5.629900419297684,0
10281800,9.331065490845967,5.828438428818754,0
10281800,9.89114427711953,6.033977866125205,0
10281800,9.783565581943137,6.24676563603467,0
10281800,8.980106780342638,6.4670573504443665,0
10281800,7.646333839307186,6.695117635385607,0
10281800,6.093908566784355,6.931220448906543,0
10281800,4.66057845903186,7.17564941016503,0
10281800,3.5826672815414184,7.428698140126929,0
10281800,2.934024850217991,7.690670614279086,0
10281800,2.65821626393568,7.961881527780758,0
10281800,2.657002508573881,8.242656673492016,0
10281800,2.872305373048575,8.533333333333333,0
10281800,3.323025114333285,8.834260683446425,0
10281800,4.0970500822424905,9.145800213643037,0
10281800,5.317442286777171,9.468326161645612,0
10281800,7.09781533121143,9.802225962641364,0
10281800,9.492117537484063,10.147900714689884,0
10281800,12.440332061313349,10.505765660543291,0
10281800,15.717416580942617,10.876250686457707,0
10281800,18.90702242747683,11.259800838595368,0
10281800,21.43531431701923,11.656876857637508,0
10281800,22.695036087812365,12.06795573225041,0
10281800,22.249859635252204,12.49353127206934,0
10281800,20.04330129713249,12.934114700888733,0
10281800,16.4908817876625,13.390235270771214,0
10281800,12.36567233831572,13.862440897813086,0
10281800,8.50526259272425,14.35129882033006,0
10281800,5.496296121393158,14.857396280253859,0
10281800,3.5173344947415663,15.381341228558172,0
10281800,2.4059211756209575,15.923763055561516,0
10281800,1.8587573500132073,16.485313346984032,0
10281800,1.612222065707879,17.066666666666666,0
10281800,1.5159755378156317,17.66852136689285,0
10281800,1.5144674018810373,18.291600427286063,0
10281800,1.5967664421840397,18.936652323291224,0
10281800,1.757668801152917,19.604451925282742,0
10281800,1.9800834751545158,20.295801429379768,0
10281800,2.2322512622171784,21.011531321086583,0
10281800,2.4726715990763735,21.7525013729154,0
10281800,2.659065498331237,22.519601677190735,0
10281800,2.7588501400578576,23.31375371527503,0
10281800,2.757326446834276,24.13591146450082,0
10281800,2.6591273072907016,24.98706254413868,0
10281800,2.4814611387477354,25.86822940177745,0
10281800,2.2437012541974606,26.780470541542428,0
10281800,1.9615245153295935,27.72488179562619,0
10281800,1.6499183303262797,28.70259764066012,0
10281800,1.3302874497375898,29.714792560507718,0
10281800,1.0320216935153215,30.762682457116327,0
10281800,0.784315251787967,31.84752611112303,0
10281800,0.6042994300474307,32.970626693968086,0
10281800,0.49145739763007007,34.13333333333333,0
10281800,0.43214165683638045,35.3370427337857,0
10281800,0.4092612832184002,36.58320085457213,0
10281800,0.40962688403986997,37.87330464658245,0
10281800,0.42566519471038006,39.208903850565484,0
10281800,0.4533995189535784,40.591602858759536,0
10281800,0.49019839847681757,42.023062642173166,0
10281800,0.5341148568361411,43.5050027458308,0
10281800,0.5843753303396624,45.03920335438147,0
10281800,0.6416469626184786,46.62750743055006,0
10281800,0.7073188571742485,48.27182292900164,0
10281800,0.7822211578174829,49.97412508827736,0
10281800,0.8657732720724115,51.73645880355497,0
10281800,0.9560012653400524,53.560941083084856,0
10281800,1.049835534229141,55.44976359125238,0
10281800,1.1427564151715897,57.40519528132024,0
10281800,1.2276778757366902,59.429585121015435,0
10281800,1.2941779120862222,61.525364914232725,0
10281800,1.3295112982501296,63.69505222224606,0
10281800,1.3217922215295195,65.94125338793617,0
10281800,1.2641315340907684,68.26666666666667,0
10281800,1.1576550144824977,70.6740854675714,0
10281800,1.0118425578213432,73.16640170914434,0
10281800,0.842114730082867,75.7466092931649,0
10281800,0.6660171936925645,78.41780770113097,0
10281800,0.49971651641995113,81.18320571751907,0
10281800,0.3556904770938723,84.04612528434633,0
10281800,0.24148740640531763,87.0100054916617,0
10281800,0.15928810882026828,90.07840670876294,0
10281800,0.10645987040012944,93.25501486110012,0
10281800,0.07726477404121712,96.54364585800327,0
10281800,0.06516981794240835,99.94825017655472,0
10281800,0.06471992477077157,103.47291760710993,0
10281800,0.07230950131440186,107.12188216616971,0
10281800,0.08599315017068938,110.89952718250476,0
10281800,0.10494520762320399,114.81039056264048,0
10281800,0.12908018848160538,118.85917024203087,0
10281800,0.1589649206646677,123.05072982846545,0
10281800,0.195815938000377,127.39010444449212,0
10281800,0.24123561739588148,131.88250677587234,0
10281800,0.2964353318611208,136.53333333333333,0
10281800,0.36100007168626136,141.3481709351428,0
10281800,0.4316441334472997,146.33280341828868,0
10281800,0.5016613276467995,151.4932185863298,0
10281800,0.5616601349753519,156.83561540226194,0
10281800,0.6016466836326043,162.36641143503815,0
10281800,0.613801124625909,168.09225056869266,0
10281800,0.5948133446224596,174.0200109833234,0
10281800,0.546788306896177,180.15681341752588,0
10281800,0.47649768964976486,186.51002972220024,0
10281800,0.3935909296091519,193.08729171600655,0
10281800,0.30859933496502967,199.89650035310945,0
10281800,0.2311293493719804,206.94583521421987,0
10281800,0.1682659997735957,214.24376433233942,0
10281800,0.12341472815635912,221.7990543650095,0
10291500,0.039277372519382105,0.06666666666666667,1
10291500,0.04806088783959866,0.06901766158942517,1
10291500,0.056566991622813784,0.0714515641690862,1
10291500,0.06431495143940488,0.07397129813785633,1
10291500,0.07106385393958757,0.07657989033313566,1
10291500,0.07685000033124843,0.07928047433351472,1
10291500,0.08190905606905238,0.08207629422299442,1
10291500,0.08653394791158511,0.08497070848795081,1
10291500,0.09095351816828028,0.08796719405152627,1
10291500,0.09528961289472299,0.09106935045029302,1
10291500,0.0995891427636829,0.09428090415820632,1
10291500,0.10388454103147587,0.09760571306304168,1
10291500,0.10823601042593485,0.1010477711006932,1
10291500,0.11273619223143658,0.1046112130529001,1
10291500,0.1174842057518285,0.10830031951416473,1
10291500,0.12254850618760986,0.11211952203382859,1
10291500,0.12793931297101765,0.11607340843948322,1
10291500,0.1336058274841362,0.1201667283481107,1
10291500,0.13946156611543953,0.12440439887157431,1
10291500,0.1454253964175554,0.12879151052331275,1
10291500,0.1514554984758081,0.13333333333333333,1
10291500,0.1575578319913612,0.13803532317885034,1
10291500,0.16376810828464744,0.1429031283381724,1
10291500,0.17012317335837085,0.14794259627571266,1
10291500,0.17664094760584345,0.1531597806662713,1
10291500,0.1833174889331838,0.15856094866702944,1
10291500,0.19013747415925464,0.16415258844598885,1
10291500,0.1970913618970605,0.16994141697590162,1
10291500,0.20419684969241067,0.1759343881030526,1
10291500,0.21152301271120524,0.18213870090058606,1
10291500,0.21920772366405444,0.18856180831641264,1
10291500,0.22745153674339902,0.19521142612608336,1
10291500,0.23647695271307118,0.2020955422013864,1
10291500,0.2464609922337006,0.2092224261058002,1
10291500,0.25746656091758985,0.21660063902832946,1
10291500,0.2694001747130863,0.22423904406765718,1
10291500,0.282011203285707,0.23214681687896643,1
10291500,0.2949328563145476,0.2403334566962214,1
10291500,0.3077555772226536,0.24880879774314865,1
10291500,0.32011639283446003,0.2575830210466255,1
10291500,0.3317766388442018,0.26666666666666666,1
10291500,0.3426483493047876,0.27607064635770073,1
10291500,0.35273627467608615,0.2858062566763448,1
10291500,0.36201000650660836,0.29588519255142526,1
10291500,0.3702946753803666,0.3063195613325426,1
10291500,0.3773013991791111,0.3171218973340589,1
10291500,0.3828451483025061,0.32830517689197775,1
10291500,0.3871451299349656,0.33988283395180324,1
10291500,0.39099656722283843,0.35186877620610524,1
10291500,0.3956517172991567,0.36427740180117213,1
10291500,0.4024268432992942,0.3771236166328253,1
10291500,0.4122199033066543,0.3904228522521668,1
10291500,0.42516233934780184,0.4041910844027728,1
10291500,0.44054150067822945,0.41844485221160044,1
10291500,0.4570068494728342,0.4332012780566589,1
10291500,0.4729811341130569,0.44847808813531437,1
10291500,0.4871432064238237,0.464293633757933,1
10291500,0.4988235874544668,0.4806669133924428,1
10291500,0.5081752530368284,0.49761759548629736,1
10291500,0.5160658685870484,0.515166042093251,1
10291500,0.5237501892208152,0.5333333333333333,1
10291500,0.5324549671575984,0.5521412927154015,1
10291500,0.5430068035084551,0.5716125133526896,1
10291500,0.5555841907327312,0.5917703851028507,1
10291500,0.5696337845021153,0.6126391226650852,1
10291500,0.5839738727225883,0.6342437946681178,1
10291500,0.5970788119063554,0.6566103537839555,1
10291500,0.6074724658798659,0.6797656679036065,1
10291500,0.6141007941207639,0.7037375524122105,1
10291500,0.6165699009880039,0.7285548036023443,1
10291500,0.6152147701714542,0.7542472332656506,1
10291500,0.6110178829408774,0.7808457045043335,1
10291500,0.6053836294231079,0.8083821688055456,1
10291500,0.5997679754344446,0.8368897044232009,1
10291500,0.5952488799172216,0.8664025561133178,1
10291500,0.5922436352740076,0.8969561762706287,1
10291500,0.590564043222317,0.928587267515866,1
10291500,0.5897858294818156,0.9613338267848855,1
10291500,0.5896655623913325,0.9952351909725947,1
10291500,0.590310311880492,1.030332084186502,1
10291500,0.5920349856335604,1.0666666666666667,1
10291500,0.5951087561833344,1.1042825854308025,1
10291500,0.5996399055284314,1.1432250267053796,1
10291500,0.605654219841921,1.1835407702057015,1
10291500,0.6132024726299716,1.2252782453301705,1
10291500,0.622306820689964,1.2684875893362355,1
10291500,0.6327408647546248,1.3132207075679105,1
10291500,0.643853820304464,1.3595313358072134,0.99
10291500,0.6546786333202186,1.407475104824421,0.96
10291500,0.6643471611497849,1.4571096072046885,0.9
10291500,0.6725622284154403,1.5084944665313011,0.76
10291500,0.6798233227950494,1.5616914090086667,0.46
10291500,0.6873193228898119,1.6167643376110916,0.22
10291500,0.6966382496238621,1.6737794088464018,0.13
10291500,0.7094659794023535,1.7328051122266357,0.05
10291500,0.7273126170340818,1.7939123525412575,0
10291500,0.7512348426681474,1.8571745350317324,0
10291500,0.7815902972138619,1.9226676535697715,0
10291500,0.8179551479408484,1.9904703819451894,0
10291500,0.8593285307036463,2.060664168373004,0
10291500,0.9046052553902474,2.1333333333333333,0
10291500,0.953117900422832,2.2085651708616063,0
10291500,1.0050094163274623,2.2864500534107592,0
10291500,1.0613655053398374,2.367081540411403,0
10291500,1.1242143040109625,2.450556490660341,0
10291500,1.196419585169429,2.536975178672471,0
10291500,1.2812233895200924,2.626441415135823,0
10291500,1.381201414817509,2.719062671614427,0
10291500,1.497004099125838,2.814950209648842,0
10291500,1.6270661128293993,2.914219214409377,0
10291500,1.7694860999009365,3.0169889330626023,0
10291500,1.9258595786363137,3.123382818017335,0
10291500,2.1046104621478374,3.2335286752221832,0
10291500,2.3201354452059317,3.3475588176928035,0
10291500,2.585566776845561,3.4656102244532714,0
10291500,2.9010849497520765,3.587824705082515,0
10291500,3.2440584741228657,3.7143490700634647,0
10291500,3.5685988035521357,3.845335307139543,0
10291500,3.8187515933339276,3.980940763890379,0
10291500,3.9527310491128236,4.121328336746008,0
10291500,3.9686475369317393,4.266666666666667,0
10291500,3.918859783319485,4.417130341723213,0
10291500,3.9032688236079673,4.5729001068215185,0
10291500,4.0414886595230914,4.734163080822806,0
10291500,4.434726306976156,4.901112981320682,0
10291500,5.132222098453753,5.073950357344942,0
10291500,6.110991500107552,5.252882830271646,0
10291500,7.2685636340153295,5.438125343228854,0
10291500,8.427344440165747,5.629900419297684,0
10291500,9.356923668068092,5.828438428818754,0
10291500,9.824379088687405,6.033977866125205,0
10291500,9.669977586130306,6.24676563603467,0
10291500,8.880616679577367,6.4670573504443665,0
10291500,7.617078146332614,6.695117635385607,0
10291500,6.165358185886696,6.931220448906543,0
10291500,4.826930610838283,7.17564941016503,0
10291500,3.807350630026581,7.428698140126929,0
10291500,3.167315732347786,7.690670614279086,0
10291500,2.8560385304579667,7.961881527780758,0
10291500,2.7908740618890797,8.242656673492016,0
10291500,2.927227014509702,8.533333333333333,0
10291500,3.286788775963996,8.834260683446425,0
10291500,3.946948400716981,9.145800213643037,0
10291500,5.009489754241666,9.468326161645612,0
10291500,6.562189183444404,9.802225962641364,0
10291500,8.63781673237331,10.147900714689884,0
10291500,11.171114570387083,10.505765660543291,0
10291500,13.958639573434805,10.876250686457707,0
10291500,16.638791904363874,11.259800838595368,0
10291500,18.722165357280034,11.656876857637508,0
10291500,19.698297927501308,12.06795573225041,0
10291500,19.20969639624961,12.49353127206934,0
10291500,17.227041059393088,12.934114700888733,0
10291500,14.12176069728253,13.390235270771214,0
10291500,10.561931831951004,13.862440897813086,0
10291500,7.259626195688192,14.35129882033006,0
10291500,4.7048084611076835,14.857396280253859,0
10291500,3.037223401467091,15.381341228558172,0
10291500,2.107565513818076,15.923763055561516,0
10291500,1.648278398984601,16.485313346984032,0
10291500,1.4263697853991157,17.066666666666666,0
10291500,1.307429124718474,17.66852136689285,0
10291500,1.243566407604592,18.291600427286063,0
10291500,1.2334022967605978,18.936652323291224,0
10291500,1.287775837081539,19.604451925282742,0
10291500,1.4100036581048572,20.295801429379768,0
10291500,1.5878887453157602,21.011531321086583,0
10291500,1.7937781894227551,21.7525013729154,0
10291500,1.9902773323832061,22.519601677190735,0
10291500,2.1393384682392425,23.31375371527503,0
10291500,2.21158486039283,24.13591146450082,0
10291500,2.192241310131512,24.98706254413868,0
10291500,2.081517200904695,25.86822940177745,0
10291500,1.8908227298012599,26.780470541542428,0
10291500,1.6390068332177183,27.72488179562619,0
10291500,1.3515185257834414,28.70259764066012,0
10291500,1.0606142791592925,29.714792560507718,0
10291500,0.8017698604663951,30.762682457116327,0
10291500,0.6045755386573661,31.84752611112303,0
10291500,0.4828710588937373,32.970626693968086,0
10291500,0.43133389321651006,34.13333333333333,0
10291500,0.43102856859582694,35.3370427337857,0
10291500,0.45954659151489763,36.58320085457213,0
10291500,0.49913106556437176,37.87330464658245,0
10291500,0.5395046601867186,39.208903850565484,0
10291500,0.576507095153947,40.591602858759536,0
10291500,0.6093381609189099,42.023062642173166,0
10291500,0.6383467666369081,43.5050027458308,0
10291500,0.6639458979058005,45.03920335438147,0
10291500,0.6865165547995168,46.62750743055006,0
10291500,0.7069399845024427,48.27182292900164,0
10291500,0.7272324766774045,49.97412508827736,0
10291500,0.7506164926482373,51.73645880355497,0
10291500,0.780538689265847,53.560941083084856,0
10291500,0.8187946544141043,55.44976359125238,0
10291500,0.8637062578052478,57.40519528132024,0
10291500,0.9095596649935509,59.429585121015435,0
10291500,0.947892538117896,61.525364914232725,0
10291500,0.9701211791609091,63.69505222224606,0
10291500,0.970270264383679,65.94125338793617,0
10291500,0.9466693857531906,68.26666666666667,0
10291500,0.9021202178129447,70.6740854675714,0
10291500,0.8426843112733796,73.16640170914434,0
10291500,0.7757052865910322,75.7466092931649,0
10291500,0.7079513245255851,78.41780770113097,0
10291500,0.6445966274534203,81.18320571751907,0
10291500,0.5890152879742109,84.04612528434633,0
10291500,0.5426934750693008,87.0100054916617,0
10291500,0.5048947710662189,90.07840670876294,0
10291500,0.47274641665751393,93.25501486110012,0
10291500,0.4426581961077534,96.54364585800327,0
10291500,0.41277315742636383,99.94825017655472,0
10291500,0.38478611177522803,103.47291760710993,0
10291500,0.3636284957881483,107.12188216616971,0
10291500,0.35512671139926083,110.89952718250476,0
10291500,0.3631717131414184,114.81039056264048,0
10291500,0.3879898309976501,118.85917024203087,0
10291500,0.42608195872865096,123.05072982846545,0
10291500,0.47137750115384786,127.39010444449212,0
10291500,0.5167885807171319,131.88250677587234,0
10291500,0.5555540133991002,136.53333333333333,0
10291500,0.5821302748397512,141.3481709351428,0
10291500,0.5926557568700787,146.33280341828868,0
10291500,0.5851292684502123,151.4932185863298,0
10291500,0.559435201459521,156.83561540226194,0
10291500,0.5172711077635991,162.36641143503815,0
10291500,0.46195504275644883,168.09225056869266,0
10291500,0.3980546955619229,174.0200109833234,0
10291500,0.3308007667924507,180.15681341752588,0
10291500,0.26533171721005855,186.51002972220024,0
10295500,0.06444530897738147,0.06666666666666667,1
10295500,0.07823588142471503,0.06901766158942517,1
10295500,0.09103108803150865,0.0714515641690862,1
10295500,0.10184945135431978,0.07397129813785633,1
10295500,0.11013866354910143,0.07657989033313566,1
10295500,0.11588519646836921,0.07928047433351472,1
10295500,0.11952549042034706,0.08207629422299442,1
10295500,0.12172680267156238,0.08497070848795081,1
10295500,0.12316485860435397,0.08796719405152627,1
10295500,0.12438952820410122,0.09106935045029302,1
10295500,0.12578772022902937,0.09428090415820632,1
10295500,0.12760467118174926,0.09760571306304168,1
10295500,0.12999084692613513,0.1010477711006932,1
10295500,0.13305711333779752,0.1046112130529001,1
10295500,0.13691460671027045,0.10830031951416473,1
10295500,0.14167140615578147,0.11211952203382859,1
10295500,0.14738458967710966,0.11607340843948322,1
10295500,0.15400427433316924,0.1201667283481107,1
10295500,0.1613528356254064,0.12440439887157431,1
10295500,0.16915111061939483,0.12879151052331275,1
10295500,0.17707051773878715,0.13333333333333333,1
10295500,0.18478644912710995,0.13803532317885034,1
10295500,0.19202668494808584,0.1429031283381724,1
10295500,0.1986213032342499,0.14794259627571266,1
10295500,0.20455219437574676,0.1531597806662713,1
10295500,0.20997859973107705,0.15856094866702944,1
10295500,0.2152027441084306,0.16415258844598885,1
10295500,0.2205584746260841,0.16994141697590162,1
10295500,0.22625610820759592,0.1759343881030526,1
10295500,0.23226495612252704,0.18213870090058606,1
10295500,0.23831464963263277,0.18856180831641264,1
10295500,0.24403347339927559,0.19521142612608336,1
10295500,0.2491570963263087,0.2020955422013864,1
10295500,0.2536969796692755,0.2092224261058002,1
10295500,0.2579842361106697,0.21660063902832946,1
10295500,0.2625782526581249,0.22423904406765718,1
10295500,0.2680980883207776,0.23214681687896643,1
10295500,0.2750575891095541,0.2403334566962214,1
10295500,0.2837564958382953,0.24880879774314865,1
10295500,0.29422873979914776,0.2575830210466255,1
10295500,0.3062173226650396,0.26666666666666666,1
10295500,0.31915543462703,0.27607064635770073,1
10295500,0.33217396090231877,0.2858062566763448,1
10295500,0.34419154175661115,0.29588519255142526,1
10295500,0.3541393273660412,0.3063195613325426,1
10295500,0.36130844426199293,0.3171218973340589,1
10295500,0.36570042426660454,0.32830517689197775,1
10295500,0.36818267416830647,0.33988283395180324,1
10295500,0.3702983239156781,0.35186877620610524,1
10295500,0.3737684944880812,0.36427740180117213,1
10295500,0.37993025819930254,0.3771236166328253,1
10295500,0.3894025025365974,0.3904228522521668,1
10295500,0.4021173303872266,0.4041910844027728,1
10295500,0.4176269515443141,0.41844485221160044,1
10295500,0.4354686444480401,0.4332012780566589,1
10295500,0.4554006190921023,0.44847808813531437,1
10295500,0.477438265590734,0.464293633757933,1
10295500,0.5017282433123821,0.4806669133924428,1
10295500,0.5283526198772744,0.49761759548629736,1
10295500,0.5571538117006946,0.515166042093251,1
10295500,0.5876280375095853,0.5333333333333333,1
10295500,0.6188852980266878,0.5521412927154015,1
10295500,0.6496597490675325,0.5716125133526896,1
10295500,0.6783810822078582,0.5917703851028507,1
10295500,0.703341251385599,0.6126391226650852,1
10295500,0.7229678214389514,0.6342437946681178,1
10295500,0.7361510787544059,0.6566103537839555,1
10295500,0.7425168595180102,0.6797656679036065,1
10295500,0.742541791189605,0.7037375524122105,1
10295500,0.7374795208012376,0.7285548036023443,1
10295500,0.7291534555734513,0.7542472332656506,1
10295500,0.7197009177420027,0.7808457045043335,1
10295500,0.7113048488498838,0.8083821688055456,1
10295500,0.7058885810112313,0.8368897044232009,1
10295500,0.7047689032748902,0.8664025561133178,1
10295500,0.7083603253414471,0.8969561762706287,1
10295500,0.7160734171053736,0.928587267515866,1
10295500,0.7264583346982078,0.9613338267848855,1
10295500,0.7375022834529519,0.9952351909725947,1
10295500,0.7469702311793436,1.030332084186502,1
10295500,0.7527895055774089,1.0666666666666667,1
10295500,0.7535341853561758,1.1042825854308025,1
10295500,0.7489374618654853,1.1432250267053796,1
10295500,0.7401748212837993,1.1835407702057015,1
10295500,0.7296574319094855,1.2252782453301705,1
10295500,0.7203168227138033,1.2684875893362355,0.99
10295500,0.7146668063901905,1.3132207075679105,0.97
10295500,0.7140697222414792,1.3595313358072134,0.89
10295500,0.7185271034596645,1.407475104824421,0.69
10295500,0.7270360878616494,1.4571096072046885,0.49
10295500,0.7382741493684637,1.5084944665313011,0.2
10295500,0.7512657869212771,1.5616914090086667,0.1
10295500,0.7657813566892854,1.6167643376110916,0.03
10295500,0.7823887820688366,1.6737794088464018,0
10295500,0.8021894186742207,1.7328051122266357,0
10295500,0.8263356927532631,1.7939123525412575,0
10295500,0.8555184121909527,1.8571745350317324,0
10295500,0.8896748045820962,1.9226676535697715,0
10295500,0.9280906545916805,1.9904703819451894,0
10295500,0.9698540072236184,2.060664168373004,0
10295500,1.0144013457510184,2.1333333333333333,0
10295500,1.0618368054521312,2.2085651708616063,0
10295500,1.1128810286089266,2.2864500534107592,0
10295500,1.168623516087865,2.367081540411403,0
10295500,1.2304013023413043,2.450556490660341,0
10295500,1.2998548280012758,2.536975178672471,0
10295500,1.3787577889759421,2.626441415135823,0
10295500,1.46823438424977,2.719062671614427,0
10295500,1.5677560661003582,2.814950209648842,0
10295500,1.6751973193688752,2.914219214409377,0
10295500,1.789101041455914,3.0169889330626023,0
10295500,1.9127004990634207,3.123382818017335,0
10295500,2.0570397796519466,3.2335286752221832,0
10295500,2.2395214782021253,3.3475588176928035,0
10295500,2.475869005552276,3.4656102244532714,0
10295500,2.767651267325375,3.587824705082515,0
10295500,3.091893832388716,3.7143490700634647,0
10295500,3.400668711591224,3.845335307139543,0
10295500,3.635095430705438,3.980940763890379,0
10295500,3.7510479535075816,4.121328336746008,0
10295500,3.7465085043762887,4.266666666666667,0
10295500,3.6768964989757067,4.417130341723213,0
10295500,3.6478670997059095,4.5729001068215185,0
10295500,3.7852725345646117,4.734163080822806,0
10295500,4.194091980839065,4.901112981320682,0
10295500,4.923070713766959,5.073950357344942,0
10295500,5.945068054068624,5.252882830271646,0
10295500,7.152071114681157,5.438125343228854,0
10295500,8.36133310386006,5.629900419297684,0
10295500,9.337492902532876,5.828438428818754,0
10295500,9.841442115598044,6.033977866125205,0
10295500,9.705573058225568,6.24676563603467,0
10295500,8.909444672327332,6.4670573504443665,0
10295500,7.611383190652899,6.695117635385607,0
10295500,6.103496325126463,6.931220448906543,0
10295500,4.701918271655403,7.17564941016503,0
10295500,3.630928119818612,7.428698140126929,0
10295500,2.9673246122446044,7.690670614279086,0
10295500,2.66834493659205,7.961881527780758,0
10295500,2.6490711530841113,8.242656673492016,0
10295500,2.85317442525505,8.533333333333333,0
10295500,3.284057521452234,8.834260683446425,0
10295500,3.9987325636300914,9.145800213643037,0
10295500,5.0821013161853905,9.468326161645612,0
10295500,6.6137227925672315,9.802225962641364,0
10295500,8.629254045522883,10.147900714689884,0
10295500,11.076015395919043,10.505765660543291,0
10295500,13.768983806176246,10.876250686457707,0
10295500,16.36718917112929,11.259800838595368,0
10295500,18.401714068867577,11.656876857637508,0
10295500,19.37977453374071,12.06795573225041,0
10295500,18.95376178288114,12.49353127206934,0
10295500,17.09016901793331,12.934114700888733,0
10295500,14.139161839765134,13.390235270771214,0
10295500,10.735138648754104,13.862440897813086,0
10295500,7.555956280413618,14.35129882033006,0
10295500,5.069939567425536,14.857396280253859,0
10295500,3.4148811541946396,15.381341228558172,0
10295500,2.4570310673211595,15.923763055561516,0
10295500,1.9526784398642518,16.485313346984032,0
10295500,1.6901063561349354,17.066666666666666,0
10295500,1.546063911515473,17.66852136689285,0
10295500,1.4718007623596892,18.291600427286063,0
10295500,1.4562386208110674,18.936652323291224,0
10295500,1.4975158355099991,19.604451925282742,0
10295500,1.5888651070836917,20.295801429379768,0
10295500,1.7139628004330107,21.011531321086583,0
10295500,1.847501566581725,21.7525013729154,0
10295500,1.9594475637095263,22.519601677190735,0
10295500,2.0221183384826573,23.31375371527503,0
10295500,2.0179004587894784,24.13591146450082,0
10295500,1.9439344330766948,24.98706254413868,0
10295500,1.8108941411372426,25.86822940177745,0
10295500,1.6368471844233752,26.780470541542428,0
10295500,1.4410229884179244,27.72488179562619,0
10295500,1.241631338171079,28.70259764066012,0
10295500,1.056718643618936,29.714792560507718,0
10295500,0.9033974323590749,30.762682457116327,0
10295500,0.7934009988433066,31.84752611112303,0
10295500,0.7286071092874835,32.970626693968086,0
10295500,0.7015681561981528,34.13333333333333,0
10295500,0.7012880928340234,35.3370427337857,0
10295500,0.7192618966270828,36.58320085457213,0
10295500,0.7509299955570584,37.87330464658245,0
10295500,0.7925205881396172,39.208903850565484,0
10295500,0.8375388586143849,40.591602858759536,0
10295500,0.8770825321806786,42.023062642173166,0
10295500,0.9042710822161183,43.5050027458308,0
10295500,0.919012609264349,45.03920335438147,0
10295500,0.9285782182051383,46.62750743055006,0
10295500,0.9426232713101573,48.27182292900164,0
10295500,0.9657898617903304,49.97412508827736,0
10295500,0.9932387319847936,51.73645880355497,0
10295500,1.0126348884428775,53.560941083084856,0
10295500,1.0115952124936294,55.44976359125238,0
10295500,0.985718674431171,57.40519528132024,0
10295500,0.941826788538918,59.429585121015435,0
10295500,0.894215984632563,61.525364914232725,0
10295500,0.8563571355056164,63.69505222224606,0
10295500,0.8334577519176831,65.94125338793617,0
10295500,0.8205784019937369,68.26666666666667,0
10295500,0.8070440605039482,70.6740854675714,0
10295500,0.7836289013887769,73.16640170914434,0
10295500,0.7475818437463663,75.7466092931649,0
10295500,0.7027571210795927,78.41780770113097,0
10295500,0.6557931359086924,81.18320571751907,0
10295500,0.6115429806331383,84.04612528434633,0
10295500,0.5705794486211746,87.0100054916617,0
10295500,0.5296123019653164,90.07840670876294,0
10295500,0.48391942042908404,93.25501486110012,0
10295500,0.43029885586540423,96.54364585800327,0
10295500,0.36920811330722064,99.94825017655472,0
10295500,0.30514426074744944,103.47291760710993,0
10295500,0.24503481753875755,107.12188216616971,0
10295500,0.19550406773962098,110.89952718250476,0
10295500,0.16061798424702012,114.81039056264048,0
10295500,0.14130053002097778,118.85917024203087,0
10295500,0.13636808051348873,123.05072982846545,0
10295500,0.14419217719655572,127.39010444449212,0
10295500,0.1639968199532661,131.88250677587234,0
10295500,0.19631198768327005,136.53333333333333,0
10295500,0.24250493089080943,141.3481709351428,0
10295500,0.30351628575749356,146.33280341828868,0
10295500,0.3782028100402503,151.4932185863298,0
10295500,0.46202375270445023,156.83561540226194,0
10295500,0.5468486483426562,162.36641143503815,0
10295500,0.6221912948686243,168.09225056869266,0
10295500,0.6774532669346969,174.0200109833234,0
10295500,0.7043271753801034,180.15681341752588,0
10295500,0.6986315363641411,186.51002972220024,0
10295500,0.6612375346221994,193.08729171600655,0
10295500,0.5979262944529636,199.89650035310945,0
10295500,0.517997577610083,206.94583521421987,0
10295500,0.43176447538136004,214.24376433233942,0
10295500,0.3478504242797792,221.7990543650095,0
10308200,0.1623969845117956,0.06666666666666667,1
10308200,0.19742254945071996,0.06901766158942517,1
10308200,0.2303633477851323,0.0714515641690862,1
10308200,0.2590901371596584,0.07397129813785633,1
10308200,0.2826602053244934,0.07657989033313566,1
10308200,0.3015197610936602,0.07928047433351472,1
10308200,0.31714836563531457,0.08207629422299442,1
10308200,0.3313544399156469,0.08497070848795081,1
10308200,0.34561277710086225,0.08796719405152627,1
10308200,0.36074264760171704,0.09106935045029302,1
10308200,0.3769624846830183,0.09428090415820632,1
10308200,0.3941486324857095,0.09760571306304168,1
10308200,0.41209218408406817,0.1010477711006932,1
10308200,0.43064146636567197,0.1046112130529001,1
10308200,0.4497304960739584,0.10830031951416473,1
10308200,0.46935546639842035,0.11211952203382859,1
10308200,0.4895524916693141,0.11607340843948322,1
10308200,0.5103788588937057,0.1201667283481107,1
10308200,0.5318698011719954,0.12440439887157431,1
10308200,0.5539708688517042,0.12879151052331275,1
10308200,0.5764965735416006,0.13333333333333333,1
10308200,0.5991693135822648,0.13803532317885034,1
10308200,0.621730820910467,0.1429031283381724,1
10308200,0.6440537507148242,0.14794259627571266,1
10308200,0.6661863822184759,0.1531597806662713,1
10308200,0.688328372998533,0.15856094866702944,1
10308200,0.7107713372130586,0.16415258844598885,1
10308200,0.7337988299467758,0.16994141697590162,1
10308200,0.7575038370988338,0.1759343881030526,1
10308200,0.7815485760233594,0.18213870090058606,1
10308200,0.80502011295472,0.18856180831641264,1
10308200,0.8265658963857513,0.19521142612608336,1
10308200,0.844850883885174,0.2020955422013864,1
10308200,0.8591689052972528,0.2092224261058002,1
10308200,0.8699168199998231,0.21660063902832946,1
10308200,0.8786575187488432,0.22423904406765718,1
10308200,0.8876484492459403,0.23214681687896643,1
10308200,0.8989730160468314,0.2403334566962214,1
10308200,0.9136804155548967,0.24880879774314865,1
10308200,0.9314117010291607,0.2575830210466255,1
10308200,0.9507354009967732,0.26666666666666666,1
10308200,0.969968728564471,0.27607064635770073,1
10308200,0.9879531966372046,0.2858062566763448,1
10308200,1.0043272747781078,0.29588519255142526,1
10308200,1.0192260555164379,0.3063195613325426,1
10308200,1.0327236169497198,0.3171218973340589,1
10308200,1.0444298711761355,0.32830517689197775,1
10308200,1.0534509353632968,0.33988283395180324,1
10308200,1.058674314606471,0.35186877620610524,1
10308200,1.0592649339395925,0.36427740180117213,1
10308200,1.0552873343835025,0.3771236166328253,1
10308200,1.0482871667920002,0.3904228522521668,1
10308200,1.041470870317272,0.4041910844027728,1
10308200,1.0391096514545353,0.41844485221160044,1
10308200,1.0451849415451941,0.4332012780566589,1
10308200,1.0618785371009969,0.44847808813531437,1
10308200,1.0887782352387378,0.464293633757933,1
10308200,1.1233034256393555,0.4806669133924428,1
10308200,1.1620663685241797,0.49761759548629736,1
10308200,1.2022551892674291,0.515166042093251,1
10308200,1.2421494328378886,0.5333333333333333,1
10308200,1.280576578681162,0.5521412927154015,1
10308200,1.315965037289755,0.5716125133526896,1
10308200,1.3459510086003093,0.5917703851028507,1
10308200,1.3679815518981748,0.6126391226650852,1
10308200,1.3804644922758245,0.6342437946681178,1
10308200,1.3835319982498608,0.6566103537839555,1
10308200,1.378818431090791,0.6797656679036065,0.98
10308200,1.3684720974745521,0.7037375524122105,0.93
10308200,1.3541953767687498,0.7285548036023443,0.79
10308200,1.336989361421031,0.7542472332656506,0.65
10308200,1.3176335512597552,0.7808457045043335,0.54
10308200,1.2973121847452334,0.8083821688055456,0.4
10308200,1.2776958919909378,0.8368897044232009,0.3
10308200,1.2602918320111964,0.8664025561133178,0.15
10308200,1.2455875701077546,0.8969561762706287,0.11
10308200,1.2327934256675677,0.928587267515866,0.05
10308200,1.2205135802330094,0.9613338267848855,0.02
10308200,1.2078389264149278,0.9952351909725947,0
10308200,1.1949525236410634,1.030332084186502,0
10308200,1.182771912922353,1.0666666666666667,0
10308200,1.1719954381352744,1.1042825854308025,0
10308200,1.1623745374676395,1.1432250267053796,0
10308200,1.1527461987161787,1.1835407702057015,0
10308200,1.1416895844663124,1.2252782453301705,0
10308200,1.1282355098116315,1.2684875893362355,0
10308200,1.112156261774321,1.3132207075679105,0
10308200,1.093814507677577,1.3595313358072134,0
10308200,1.0739192260352775,1.407475104824421,0
10308200,1.0535078366276232,1.4571096072046885,0
10308200,1.0341245506193129,1.5084944665313011,0
10308200,1.0178865365012069,1.5616914090086667,0
10308200,1.0071967473234,1.6167643376110916,0
10308200,1.0041420507340035,1.6737794088464018,0
10308200,1.0098064357741212,1.7328051122266357,0
10308200,1.0237676350676725,1.7939123525412575,0
10308200,1.0440587857012762,1.8571745350317324,0
10308200,1.0678327569037989,1.9226676535697715,0
10308200,1.0926749011333348,1.9904703819451894,0
10308200,1.118005842845561,2.060664168373004,0
10308200,1.1457026597008326,2.1333333333333333,0
10308200,1.1793505559244932,2.2085651708616063,0
10308200,1.2223867846592544,2.2864500534107592,0
10308200,1.2762729405165167,2.367081540411403,0
10308200,1.3400061375975414,2.450556490660341,0
10308200,1.4114100969890009,2.536975178672471,0
10308200,1.4892550843200048,2.626441415135823,0
10308200,1.5745439713275262,2.719062671614427,0
10308200,1.6700859695781989,2.814950209648842,0
10308200,1.779169951497313,2.914219214409377,0
10308200,1.9050835342177441,3.0169889330626023,0
10308200,2.0522642575599095,3.123382818017335,0
10308200,2.2276632069360303,3.2335286752221832,0
10308200,2.4394969690009396,3.3475588176928035,0
10308200,2.6916751368590566,3.4656102244532714,0
10308200,2.975592450898701,3.587824705082515,0
10308200,3.2643683495894953,3.7143490700634647,0
10308200,3.515199010689288,3.845335307139543,0
10308200,3.682126322909672,3.980940763890379,0
10308200,3.735800034068893,4.121328336746008,0
10308200,3.6819651562067537,4.266666666666667,0
10308200,3.5692983910549683,4.417130341723213,0
10308200,3.48093879683796,4.5729001068215185,0
10308200,3.5114218239868022,4.734163080822806,0
10308200,3.737901340489199,4.901112981320682,0
10308200,4.196406739390341,5.073950357344942,0
10308200,4.868679332075236,5.252882830271646,0
10308200,5.678215933391311,5.438125343228854,0
10308200,6.4936285818232005,5.629900419297684,0
10308200,7.143989792500825,5.828438428818754,0
10308200,7.45464532951222,6.033977866125205,0
10308200,7.303009995226226,6.24676563603467,0
10308200,6.674649982236275,6.4670573504443665,0
10308200,5.686566405262848,6.695117635385607,0
10308200,4.553971516587487,6.931220448906543,0
10308200,3.509765387100976,7.17564941016503,0
10308200,2.7199577293537462,7.428698140126929,0
10308200,2.2432261398195332,7.690670614279086,0
10308200,2.0509587450039564,7.961881527780758,0
10308200,2.082801013923886,8.242656673492016,0
10308200,2.2975822904688585,8.533333333333333,0
10308200,2.696826062895059,8.834260683446425,0
10308200,3.3229379819433125,9.145800213643037,0
10308200,4.24353130157924,9.468326161645612,0
10308200,5.527760454916835,9.802225962641364,0
10308200,7.213749334762741,10.147900714689884,0
10308200,9.267077819153622,10.505765660543291,0
10308200,11.538885579929593,10.876250686457707,0
10308200,13.743772524057078,11.259800838595368,0
10308200,15.484362114081275,11.656876857637508,0
10308200,16.34088137094835,12.06795573225041,0
10308200,16.0141267983039,12.49353127206934,0
10308200,14.467389953837042,12.934114700888733,0
10308200,11.986290296880323,13.390235270771214,0
10308200,9.09936100518496,13.862440897813086,0
10308200,6.380690014220392,14.35129882033006,0
10308200,4.238802888265231,14.857396280253859,0
10308200,2.8100652244230226,15.381341228558172,0
10308200,1.9986682539836729,15.923763055561516,0
10308200,1.6039024490340013,16.485313346984032,0
10308200,1.4374352228534677,17.066666666666666,0
10308200,1.3761518407535958,17.66852136689285,0
10308200,1.359346750632761,18.291600427286063,0
10308200,1.3651267880071203,18.936652323291224,0
10308200,1.3894899538407421,19.604451925282742,0
10308200,1.4334367990544359,20.295801429379768,0
10308200,1.495835997316685,21.011531321086583,0
10308200,1.5698938359715338,21.7525013729154,0
10308200,1.6426178348433698,22.519601677190735,0
10308200,1.6972927897024086,23.31375371527503,0
10308200,1.718394643754898,24.13591146450082,0
10308200,1.6969592546336902,24.98706254413868,0
10308200,1.6337209857011081,25.86822940177745,0
10308200,1.5386246806109993,26.780470541542428,0
10308200,1.4276263726082212,27.72488179562619,0
10308200,1.3186606951701378,28.70259764066012,0
10308200,1.2276515130512904,29.714792560507718,0
10308200,1.1645541135321411,30.762682457116327,0
10308200,1.1303188318424324,31.84752611112303,0
10308200,1.1168812330210356,32.970626693968086,0
10308200,1.1111903803610181,34.13333333333333,0
10308200,1.101198321904696,35.3370427337857,0
10308200,1.079966026779797,36.58320085457213,0
10308200,1.0457281533441296,37.87330464658245,0
10308200,0.9992158253761417,39.208903850565484,0
10308200,0.9413695208055552,40.591602858759536,0
10308200,0.8733845758090101,42.023062642173166,0
10308200,0.7983966755071831,43.5050027458308,0
10308200,0.7225695936212128,45.03920335438147,0
10308200,0.6540518011431703,46.62750743055006,0
10308200,0.6003315009266948,48.27182292900164,0
10308200,0.5660077535134823,49.97412508827736,0
10308200,0.552589770078836,51.73645880355497,0
10308200,0.5600424093230951,53.560941083084856,0
10308200,0.5882162174881592,55.44976359125238,0
10308200,0.6365514240674277,57.40519528132024,0
10308200,0.7022210161166698,59.429585121015435,0
10308200,0.7784130954517178,61.525364914232725,0
10308200,0.8544524217315891,63.69505222224606,0
10308200,0.9182191296783617,65.94125338793617,0
10308200,0.9599014396914037,68.26666666666667,0
10308200,0.9752188818977371,70.6740854675714,0
10308200,0.9662279156466016,73.16640170914434,0
10308200,0.9389623749083242,75.7466092931649,0
10308200,0.8991562674008604,78.41780770113097,0
10308200,0.8488009956801887,81.18320571751907,0
10308200,0.785890043577987,84.04612528434633,0
10308200,0.7075018069724018,87.0100054916617,0
10308200,0.614102234100736,90.07840670876294,0
10308200,0.5123001085497211,93.25501486110012,0
10308200,0.4144360759113173,96.54364585800327,0
10308200,0.33529010821203536,99.94825017655472,0
10308200,0.28769852814656033,103.47291760710993,0
10308200,0.2792513391157873,107.12188216616971,0
10308200,0.3113325285074877,110.89952718250476,0
10308200,0.38019875787679325,114.81039056264048,0
10308200,0.4787228580576632,118.85917024203087,0
10308200,0.5975840641875095,123.05072982846545,0
10308200,0.7257129848206474,127.39010444449212,0
10308200,0.8506916529035722,131.88250677587234,0
10308200,0.959871443746704,136.53333333333333,0
10308200,1.0423148452819113,141.3481709351428,0
10308200,1.0909219624404511,146.33280341828868,0
10308200,1.1038013412883727,151.4932185863298,0
10308200,1.0842128782142788,156.83561540226194,0
10308200,1.0390693548714178,162.36641143503815,0
10308200,0.976668697697251,168.09225056869266,0
10308200,0.9045934066910045,174.0200109833234,0
10308200,0.8283989143048117,180.15681341752588,0
10308200,0.7512172760554012,186.51002972220024,0
10308200,0.6741687728500896,193.08729171600655,0
10308200,0.5973496157726512,199.89650035310945,0
10308200,0.5208584767306739,206.94583521421987,0
10308200,0.4452229912200978,214.24376433233942,0
10308200,0.37119120127774025,221.7990543650095,0
10308200,0.29960255770829625,229.62078112528096,0
10308200,0.2318506729258832,237.71834048406174,0
10308200,0.17040971659960688,246.1014596569309,0
10308783,0.030840967238086815,0.06666666666666667,1
10308783,0.03800026050542657,0.06901766158942517,1
10308783,0.04500258159233151,0.0714515641690862,1
10308783,0.05138792568401396,0.07397129813785633,1
10308783,0.056848606160330405,0.07657989033313566,1
10308783,0.061297257031160346,0.07928047433351472,1
10308783,0.06486072550274444,0.08207629422299442,1
10308783,0.06781183844798776,0.08497070848795081,1
10308783,0.0704740991389806,0.08796719405152627,1
10308783,0.07313366361629418,0.09106935045029302,1
10308783,0.07598170024283747,0.09428090415820632,1
10308783,0.07910153133567736,0.09760571306304168,1
10308783,0.08250292704746556,0.1010477711006932,1
10308783,0.08618222953929908,0.1046112130529001,1
10308783,0.09016622239128332,0.10830031951416473,1
10308783,0.0945064087628352,0.11211952203382859,1
10308783,0.0992298316662072,0.11607340843948322,1
10308783,0.1042891415849424,0.1201667283481107,1
10308783,0.10955610151145079,0.12440439887157431,1
10308783,0.11487386280213079,0.12879151052331275,1
10308783,0.12015389501080938,0.13333333333333333,1
10308783,0.12548688559085694,0.13803532317885034,1
10308783,0.13121958074960388,0.1429031283381724,1
10308783,0.13792757791791954,0.14794259627571266,1
10308783,0.14622212411131805,0.1531597806662713,1
10308783,0.15640542796895684,0.15856094866702944,1
10308783,0.16811062830896026,0.16415258844598885,1
10308783,0.18013901012470793,0.16994141697590162,1
10308783,0.19066022765169896,0.1759343881030526,1
10308783,0.19778050420677773,0.18213870090058606,1
10308783,0.2002916071330472,0.18856180831641264,1
10308783,0.19828259859626507,0.19521142612608336,1
10308783,0.19330153813886158,0.2020955422013864,1
10308783,0.1879351984987105,0.2092224261058002,1
10308783,0.18497393718975405,0.21660063902832946,1
10308783,0.18656242391883884,0.22423904406765718,1
10308783,0.19371872922968758,0.23214681687896643,1
10308783,0.20633659261482695,0.2403334566962214,1
10308783,0.22348473379743708,0.24880879774314865,1
10308783,0.24371467951727158,0.2575830210466255,1
10308783,0.26522494560913273,0.26666666666666666,1
10308783,0.28595036779824357,0.27607064635770073,1
10308783,0.30376446336030427,0.2858062566763448,1
10308783,0.316918747798626,0.29588519255142526,1
10308783,0.32464599560442176,0.3063195613325426,1
10308783,0.3276627940444186,0.3171218973340589,1
10308783,0.3282682541664248,0.32830517689197775,1
10308783,0.3299060728157704,0.33988283395180324,1
10308783,0.3363431101506424,0.35186877620610524,1
10308783,0.35083640582509923,0.36427740180117213,1
10308783,0.37567103668587826,0.3771236166328253,1
10308783,0.4122392607122472,0.3904228522521668,1
10308783,0.4615021716982569,0.4041910844027728,1
10308783,0.5244020757066267,0.41844485221160044,1
10308783,0.6017543075994574,0.4332012780566589,1
10308783,0.6934229299298434,0.44847808813531437,1
10308783,0.797059680578595,0.464293633757933,1
10308783,0.9070640796978252,0.4806669133924428,1
10308783,1.0144321618927865,0.49761759548629736,1
10308783,1.1077906241914524,0.515166042093251,1
10308783,1.1754281715311319,0.5333333333333333,1
10308783,1.2078221385693046,0.5521412927154015,1
10308783,1.200066926330464,0.5716125133526896,1
10308783,1.1535930008548227,0.5917703851028507,1
10308783,1.0765433477880055,0.6126391226650852,1
10308783,0.982315913268187,0.6342437946681178,1
10308783,0.8863296291915311,0.6566103537839555,1
10308783,0.8019473562670085,0.6797656679036065,1
10308783,0.7371252322877913,0.7037375524122105,1
10308783,0.6931436226392862,0.7285548036023443,1
10308783,0.6657313831404904,0.7542472332656506,1
10308783,0.6477540993088318,0.7808457045043335,1
10308783,0.6321444371730345,0.8083821688055456,1
10308783,0.6140225344885027,0.8368897044232009,1
10308783,0.5915712038424453,0.8664025561133178,1
10308783,0.5657842717715618,0.8969561762706287,1
10308783,0.5395430296454459,0.928587267515866,1
10308783,0.5165661861543114,0.9613338267848855,1
10308783,0.500612450349456,0.9952351909725947,1
10308783,0.49498808219180435,1.030332084186502,1
10308783,0.5021618428174016,1.0666666666666667,1
10308783,0.5233136665714,1.1042825854308025,1
10308783,0.5578944536158807,1.1432250267053796,1
10308783,0.6034964106090221,1.1835407702057015,1
10308783,0.6563013980035798,1.2252782453301705,1
10308783,0.7120906672906023,1.2684875893362355,0.93
10308783,0.7674707628443519,1.3132207075679105,0.59
10308783,0.8208253418970974,1.3595313358072134,0.29
10308783,0.8726208273361052,1.407475104824421,0.04
10308783,0.9249837420832533,1.4571096072046885,0
10308783,0.9807683690497139,1.5084944665313011,0
10308783,1.04251534190128,1.5616914090086667,0
10308783,1.1116962797363308,1.6167643376110916,0
10308783,1.1884516211708942,1.6737794088464018,0
10308783,1.27176909725125,1.7328051122266357,0
10308783,1.3598925183645234,1.7939123525412575,0
10308783,1.4507810337138671,1.8571745350317324,0
10308783,1.5425766520209303,1.9226676535697715,0
10308783,1.6341219641837466,1.9904703819451894,0
10308783,1.7254830395043945,2.060664168373004,0
10308783,1.8182144430524394,2.1333333333333333,0
10308783,1.91504303904866,2.2085651708616063,0
10308783,2.0190452709810893,2.2864500534107592,0
10308783,2.1330005141951522,2.367081540411403,0
10308783,2.2595924439122235,2.450556490660341,0
10308783,2.4020984319785423,2.536975178672471,0
10308783,2.5640971132007024,2.626441415135823,0
10308783,2.747125876223226,2.719062671614427,0
10308783,2.9474340808746655,2.814950209648842,0
10308783,3.15509945463637,2.914219214409377,0
10308783,3.358234490568576,3.0169889330626023,0
10308783,3.551278304013161,3.123382818017335,0
10308783,3.742041469683189,3.2335286752221832,0
10308783,3.9510863318030967,3.3475588176928035,0
10308783,4.200972470460895,3.4656102244532714,0
10308783,4.499790859424775,3.587824705082515,0
10308783,4.828513135940775,3.7143490700634647,0
10308783,5.141051370604603,3.845335307139543,0
10308783,5.379553093691224,3.980940763890379,0
10308783,5.499318171533738,4.121328336746008,0
10308783,5.492375878968866,4.266666666666667,0
10308783,5.398303808035634,4.417130341723213,0
10308783,5.295451710411149,4.5729001068215185,0
10308783,5.274623701645513,4.734163080822806,0
10308783,5.406882464889841,4.901112981320682,0
10308783,5.720402293444387,5.073950357344942,0
10308783,6.194120589949906,5.252882830271646,0
10308783,6.764278651723912,5.438125343228854,0
10308783,7.335390370156438,5.629900419297684,0
10308783,7.793478510688216,5.828438428818754,0
10308783,8.027144303696666,6.033977866125205,0
10308783,7.959487832154278,6.24676563603467,0
10308783,7.5812167417379746,6.4670573504443665,0
10308783,6.965131996656501,6.695117635385607,0
10308783,6.246959035152562,6.931220448906543,0
10308783,5.576788065050699,7.17564941016503,0
10308783,5.065230407127859,7.428698140126929,0
10308783,4.752793314813909,7.690670614279086,0
10308783,4.61596423285978,7.961881527780758,0
10308783,4.600895745059625,8.242656673492016,0
10308783,4.662137577343245,8.533333333333333,0
10308783,4.786553029000767,8.834260683446425,0
10308783,4.995070724282854,9.145800213643037,0
10308783,5.326635814086347,9.468326161645612,0
10308783,5.814091952883448,9.802225962641364,0
10308783,6.4615604614741144,10.147900714689884,0
10308783,7.230282346342983,10.505765660543291,0
10308783,8.036792336957536,10.876250686457707,0
10308783,8.764084523935942,11.259800838595368,0
10308783,9.28341608256482,11.656876857637508,0
10308783,9.482454434592684,12.06795573225041,0
10308783,9.294509071663182,12.49353127206934,0
10308783,8.721620048730376,12.934114700888733,0
10308783,7.841038488442363,13.390235270771214,0
10308783,6.78594340082187,13.862440897813086,0
10308783,5.703612885158554,14.35129882033006,0
10308783,4.711733047956661,14.857396280253859,0
10308783,3.877559395719591,15.381341228558172,0
10308783,3.226192792455987,15.923763055561516,0
10308783,2.760304100922499,16.485313346984032,0
10308783,2.469835445881618,17.066666666666666,0
10308783,2.328634836903669,17.66852136689285,0
10308783,2.2921681235996965,18.291600427286063,0
10308783,2.3078190908035783,18.936652323291224,0
10308783,2.3335944835261397,19.604451925282742,0
10308783,2.351339208935702,20.295801429379768,0
10308783,2.365096603190337,21.011531321086583,0
10308783,2.386945125112438,21.7525013729154,0
10308783,2.4208162024653914,22.519601677190735,0
10308783,2.454745703993378,23.31375371527503,0
10308783,2.4654533845088022,24.13591146450082,0
10308783,2.431040930458711,24.98706254413868,0
10308783,2.343231884535975,25.86822940177745,0
10308783,2.2122811575519186,26.780470541542428,0
10308783,2.0630731325886775,27.72488179562619,0
10308783,1.9254808974229118,28.70259764066012,0
10308783,1.8234505756754573,29.714792560507718,0
10308783,1.7664419212674107,30.762682457116327,0
10308783,1.7456285798828335,31.84752611112303,0
10308783,1.7362438967693734,32.970626693968086,0
10308783,1.706045636687141,34.13333333333333,0
10308783,1.6275558531675598,35.3370427337857,0
10308783,1.4893154549988645,36.58320085457213,0
10308783,1.3008460179238326,37.87330464658245,0
10308783,1.0886028536351753,39.208903850565484,0
10308783,0.8848153189443715,40.591602858759536,0
10308783,0.7148786843733272,42.023062642173166,0
10308783,0.5895315586934835,43.5050027458308,0
10308783,0.505133741680631,45.03920335438147,0
10308783,0.450752639458962,46.62750743055006,0
10308783,0.4172872349969507,48.27182292900164,0
10308783,0.4035533325371448,49.97412508827736,0
10308783,0.41690722041699835,51.73645880355497,0
10308783,0.469379510724587,53.560941083084856,0
10308783,0.5721516280796601,55.44976359125238,0
10308783,0.7309066684781309,57.40519528132024,0
10308783,0.9431298127463724,59.429585121015435,0
10308783,1.1972075523371557,61.525364914232725,0
10308783,1.4728573629754989,63.69505222224606,0
10308783,1.7427785804929885,65.94125338793617,0
10308783,1.9757766020664005,68.26666666666667,0
10308783,2.1414539572629328,70.6740854675714,0
10308783,2.215859724487697,73.16640170914434,0
10308783,2.186693772977903,75.7466092931649,0
10308783,2.0563772509788016,78.41780770113097,0
10308783,1.8418458089203504,81.18320571751907,0
10308783,1.5710509287142405,84.04612528434633,0
10308783,1.2772137181264116,87.0100054916617,0
10308783,0.9923840056016081,90.07840670876294,0
