Year,DS_Dur_WS,DS_Tim,DS_Mag_50,DS_Mag_90,FA_Dur,FA_Mag,FA_Tim,SP_ROC,SP_Dur,SP_Mag,SP_Tim,Wet_BFL_Dur,Wet_BFL_Mag_10,Wet_BFL_Mag_50,Wet_Tim,Peak_Tim_10,Peak_Tim_2,Peak_Tim_5,Peak_Dur_10,Peak_Dur_2,Peak_Dur_5,Peak_10,Peak_2,Peak_5,Peak_Fre_10,Peak_Fre_2,Peak_Fre_5
1971,NA,NA,NA,NA,NA,NA,NA,NA,NA,NA,NA,NA,NA,NA,NA,NA,NA,NA,NA,NA,NA,NA,NA,NA,NA,NA,NA
1972,NA,NA,NA,NA,NA,NA,NA,NA,NA,NA,NA,NA,NA,NA,NA,NA,NA,NA,NA,NA,NA,NA,NA,NA,NA,NA,NA
1973,NA,NA,NA,NA,NA,NA,NA,NA,NA,NA,NA,NA,NA,NA,NA,NA,NA,NA,NA,NA,NA,NA,NA,NA,NA,NA,NA
1974,NA,NA,NA,NA,NA,NA,NA,NA,NA,NA,NA,NA,NA,NA,NA,NA,NA,NA,NA,NA,NA,NA,NA,NA,NA,NA,NA
1975,NA,202,NA,NA,9,1.8200443117331968,27,0.16666666666666663,40,105,162,109,0,0.05,53,NA,NA,NA,NA,NA,NA,472.80000000000007,130.5,287.6000000000001,NA,NA,NA
1976,NA,NA,NA,NA,NA,NA,NA,NA,NA,NA,NA,NA,NA,NA,NA,NA,NA,NA,NA,NA,NA,NA,NA,NA,NA,NA,NA
1977,NA,NA,NA,NA,NA,NA,NA,NA,NA,NA,NA,NA,NA,NA,NA,NA,NA,NA,NA,NA,NA,NA,NA,NA,NA,NA,NA
1978,234,247,0,0.6970000000000002,NA,NA,NA,0.09090909090909098,21,14,226,144,2,8.2,82,142.5,105,131,2,9,4,472.80000000000007,130.5,287.6000000000001,2,5,3
1979,282,211,0,0.01,14,1.4181704225836957,43,0.10555555555555557,9,16,202,87,0.11199999999999999,0.7,115,NA,177,NA,NA,1,NA,472.80000000000007,130.5,287.6000000000001,NA,1,NA
1980,216,257,0,0,3,1.470938147691268,0,0.21052631578947364,96,118,161,34,0,11.65,127,NA,138,138,NA,3,1,472.80000000000007,130.5,287.6000000000001,NA,1,1
1981,NA,234,NA,NA,5,7.880737940581064,64,NA,5,3.6,229,122,0,1,107,NA,NA,NA,NA,NA,NA,472.80000000000007,130.5,287.6000000000001,NA,NA,NA
1982,NA,NA,NA,NA,NA,NA,NA,NA,NA,NA,NA,NA,NA,NA,NA,NA,NA,NA,NA,NA,NA,NA,NA,NA,NA,NA,NA
1983,NA,338,NA,NA,3,12.010712699380813,39,0.16666666666666663,95,9.2,243,141,3.6,9,102,NA,135,118,NA,4,1,472.80000000000007,130.5,287.6000000000001,NA,4,1
1984,NA,194,NA,NA,3,52.99625201643863,0,0.262962962962963,105,141,89,NA,NA,NA,NA,NA,85,NA,NA,1,NA,472.80000000000007,130.5,287.6000000000001,NA,1,NA
1985,NA,NA,NA,NA,NA,NA,NA,NA,NA,NA,NA,NA,NA,NA,NA,NA,NA,NA,NA,NA,NA,NA,NA,NA,NA,NA,NA
1986,NA,181,NA,NA,3,13.029687936279487,55,0.2051282051282051,11,79,170,54,0,5.1,116,NA,NA,NA,NA,NA,NA,472.80000000000007,130.5,287.6000000000001,NA,NA,NA
1987,NA,NA,NA,NA,NA,NA,NA,NA,NA,NA,NA,NA,NA,NA,NA,NA,NA,NA,NA,NA,NA,NA,NA,NA,NA,NA,NA
1988,NA,NA,NA,NA,NA,NA,NA,NA,NA,NA,NA,NA,NA,NA,NA,NA,NA,NA,NA,NA,NA,NA,NA,NA,NA,NA,NA
1989,NA,NA,NA,NA,NA,NA,NA,NA,NA,NA,NA,NA,NA,NA,NA,NA,NA,NA,NA,NA,NA,NA,NA,NA,NA,NA,NA
1990,NA,NA,NA,NA,NA,NA,NA,NA,NA,NA,NA,NA,NA,NA,NA,NA,NA,NA,NA,NA,NA,NA,NA,NA,NA,NA,NA
1991,NA,NA,NA,NA,NA,NA,NA,NA,NA,NA,NA,NA,NA,NA,NA,NA,NA,NA,NA,NA,NA,NA,NA,NA,NA,NA,NA
1992,256,194,0,0,6,1.4907679454758198,25,0.217391304347826,16,30,178,62,0,1.15,116,NA,135.5,NA,NA,2,NA,472.80000000000007,130.5,287.6000000000001,NA,2,NA
1993,NA,215,NA,NA,10,8.76673784235191,29,0.14062500000000006,35,106,180,96,1.9500000000000002,8.5,84,NA,139.5,NA,NA,2,NA,472.80000000000007,130.5,287.6000000000001,NA,2,NA
1994,NA,NA,NA,NA,NA,NA,NA,NA,NA,NA,NA,NA,NA,NA,NA,NA,NA,NA,NA,NA,NA,NA,NA,NA,NA,NA,NA
1995,NA,203,NA,NA,12,3.895466949356032,40,0.07692307692307693,26,99,177,89,4.6,13,88,101,115,101,1,5,1,472.80000000000007,130.5,287.6000000000001,1,3,1
1996,NA,NA,NA,NA,NA,NA,NA,NA,NA,NA,NA,NA,NA,NA,NA,NA,NA,NA,NA,NA,NA,NA,NA,NA,NA,NA,NA
1997,299,162,0,0,3,29.876289382494328,29,0.13157894736842105,41,85,121,77,0,2.6,44,NA,NA,NA,NA,NA,NA,472.80000000000007,130.5,287.6000000000001,NA,NA,NA
1998,NA,257,NA,NA,3,4.497219225580463,45,0.08333333333333333,108,718,149,54,8.59,26.5,95,130,133.5,129,3,12,6,472.80000000000007,130.5,287.6000000000001,3,2,3
1999,NA,NA,NA,NA,NA,NA,NA,NA,NA,NA,NA,NA,NA,NA,NA,NA,NA,NA,NA,NA,NA,NA,NA,NA,NA,NA,NA
2000,NA,NA,NA,NA,NA,NA,NA,NA,NA,NA,NA,NA,NA,NA,NA,NA,NA,NA,NA,NA,NA,NA,NA,NA,NA,NA,NA
2001,NA,209,NA,NA,2,28.96908468110593,26,0.10263157894736841,50,484,159,65,0,2.6,94,155,154,155,1,3,1,472.80000000000007,130.5,287.6000000000001,1,1,1
2002,NA,NA,NA,NA,NA,NA,NA,NA,NA,NA,NA,NA,NA,NA,NA,NA,NA,NA,NA,NA,NA,NA,NA,NA,NA,NA,NA
2003,NA,NA,NA,NA,NA,NA,NA,NA,NA,NA,NA,NA,NA,NA,NA,NA,NA,NA,NA,NA,NA,NA,NA,NA,NA,NA,NA
2004,NA,NA,NA,NA,NA,NA,NA,NA,NA,NA,NA,NA,NA,NA,NA,NA,NA,NA,NA,NA,NA,NA,NA,NA,NA,NA,NA
2005,252,198,0,1.01,6,39.58137906084433,18,0.06382978723404249,22,81.8,176,94,1.824,10.27,82,100,118.5,99,2,8,5,472.80000000000007,130.5,287.6000000000001,1,4,3
2006,NA,244,NA,NA,5,2.0720235824123505,16,NA,NA,NA,NA,NA,NA,NA,84,NA,185,NA,NA,1,NA,472.80000000000007,130.5,287.6000000000001,NA,1,NA
2007,NA,NA,NA,NA,NA,NA,NA,NA,NA,NA,NA,NA,NA,NA,NA,NA,NA,NA,NA,NA,NA,NA,NA,NA,NA,NA,NA
2008,NA,NA,NA,NA,NA,NA,NA,NA,NA,NA,NA,NA,NA,NA,NA,NA,NA,NA,NA,NA,NA,NA,NA,NA,NA,NA,NA
2009,NA,NA,NA,NA,NA,NA,NA,NA,NA,NA,NA,NA,NA,NA,NA,NA,NA,NA,NA,NA,NA,NA,NA,NA,NA,NA,NA
2010,NA,NA,NA,NA,NA,NA,NA,NA,NA,NA,NA,NA,NA,NA,NA,NA,NA,NA,NA,NA,NA,NA,NA,NA,NA,NA,NA
2011,NA,256,NA,NA,1,7.626313030265771,29,0.17755260556418584,81,125,175,114,0,0,61,NA,82,170,NA,3,1,472.80000000000007,130.5,287.6000000000001,NA,3,1
2012,NA,NA,NA,NA,NA,NA,NA,NA,NA,NA,NA,NA,NA,NA,NA,NA,NA,NA,NA,NA,NA,NA,NA,NA,NA,NA,NA
2013,NA,NA,NA,NA,NA,NA,NA,NA,NA,NA,NA,NA,NA,NA,NA,NA,NA,NA,NA,NA,NA,NA,NA,NA,NA,NA,NA
2014,NA,NA,NA,NA,NA,NA,NA,NA,NA,NA,NA,NA,NA,NA,NA,NA,NA,NA,NA,NA,NA,NA,NA,NA,NA,NA,NA
2015,NA,NA,NA,NA,NA,NA,NA,NA,NA,NA,NA,NA,NA,NA,NA,NA,NA,NA,NA,NA,NA,NA,NA,NA,NA,NA,NA
2016,NA,NA,NA,NA,NA,NA,NA,NA,NA,NA,NA,NA,NA,NA,NA,NA,NA,NA,NA,NA,NA,NA,NA,NA,NA,NA,NA
2017,NA,NA,NA,NA,NA,NA,NA,NA,NA,NA,NA,NA,NA,NA,NA,NA,NA,NA,NA,NA,NA,NA,NA,NA,NA,NA,NA
2018,NA,NA,NA,NA,NA,NA,NA,NA,NA,NA,NA,NA,NA,NA,NA,NA,NA,NA,NA,NA,NA,NA,NA,NA,NA,NA,NA
2019,NA,NA,NA,NA,NA,NA,NA,NA,NA,NA,NA,NA,NA,NA,NA,NA,NA,NA,NA,NA,NA,NA,NA,NA,NA,NA,NA
2020,NA,NA,NA,NA,NA,NA,NA,NA,NA,NA,NA,NA,NA,NA,NA,NA,NA,NA,NA,NA,NA,NA,NA,NA,NA,NA,NA
