Year,DS_Dur_WS,DS_Tim,DS_Mag_50,DS_Mag_90,FA_Dur,FA_Mag,FA_Tim,SP_ROC,SP_Dur,SP_Mag,SP_Tim,Wet_BFL_Dur,Wet_BFL_Mag_10,Wet_BFL_Mag_50,Wet_Tim,Peak_Tim_10,Peak_Tim_2,Peak_Tim_5,Peak_Dur_10,Peak_Dur_2,Peak_Dur_5,Peak_10,Peak_2,Peak_5,Peak_Fre_10,Peak_Fre_2,Peak_Fre_5
1942,214,255,0,0,NA,NA,NA,0.09109730848861283,47,260,208,129,11,31,79,NA,NA,NA,NA,NA,NA,6684,617,4148.000000000001,NA,NA,NA
1943,260,240,0,0.009999999999999433,NA,NA,NA,0.09090909090909091,76,1100,164,61,0,156,103,NA,161,114,NA,11,1,6684,617,4148.000000000001,NA,4,1
1944,226,252,0,0,NA,NA,NA,0.078125,91,700,161,27,0,310,134,NA,150,NA,NA,4,NA,6684,617,4148.000000000001,NA,2,NA
1945,NA,229,NA,NA,14,162.9607354226832,42,0.09074074074074073,48,204,181,69,0,14,112,NA,124,NA,NA,2,NA,6684,617,4148.000000000001,NA,1,NA
1946,NA,NA,NA,NA,NA,NA,NA,NA,NA,NA,NA,NA,NA,NA,NA,NA,NA,NA,NA,NA,NA,NA,NA,NA,NA,NA,NA
1947,NA,NA,NA,NA,NA,NA,NA,NA,NA,NA,NA,NA,NA,NA,NA,NA,NA,NA,NA,NA,NA,NA,NA,NA,NA,NA,NA
1948,NA,NA,NA,NA,NA,NA,NA,NA,NA,NA,NA,NA,NA,NA,NA,NA,NA,NA,NA,NA,NA,NA,NA,NA,NA,NA,NA
1949,NA,NA,NA,NA,NA,NA,NA,NA,NA,NA,NA,NA,NA,NA,NA,NA,NA,NA,NA,NA,NA,NA,NA,NA,NA,NA,NA
1950,NA,NA,NA,NA,NA,NA,NA,NA,NA,NA,NA,NA,NA,NA,NA,NA,NA,NA,NA,NA,NA,NA,NA,NA,NA,NA,NA
1951,NA,NA,NA,NA,NA,NA,NA,NA,NA,NA,NA,NA,NA,NA,NA,NA,NA,NA,NA,NA,NA,NA,NA,NA,NA,NA,NA
1952,NA,240,NA,NA,NA,NA,NA,0.06957047791893527,69,2560,171,76,12.5,65,95,NA,106,NA,NA,13,NA,6684,617,4148.000000000001,NA,3,NA
1953,NA,NA,NA,NA,NA,NA,NA,NA,NA,NA,NA,NA,NA,NA,NA,NA,NA,NA,NA,NA,NA,NA,NA,NA,NA,NA,NA
1954,NA,219,NA,NA,14,9.977725149470883,44,0.14285714285714285,43,188,176,71,0,0.2,105,NA,116,NA,NA,1,NA,6684,617,4148.000000000001,NA,1,NA
1955,NA,NA,NA,NA,NA,NA,NA,NA,NA,NA,NA,NA,NA,NA,NA,NA,NA,NA,NA,NA,NA,NA,NA,NA,NA,NA,NA
1956,NA,NA,NA,NA,NA,NA,NA,NA,NA,NA,NA,NA,NA,NA,NA,NA,NA,NA,NA,NA,NA,NA,NA,NA,NA,NA,NA
1957,NA,NA,NA,NA,NA,NA,NA,NA,NA,NA,NA,NA,NA,NA,NA,NA,NA,NA,NA,NA,NA,NA,NA,NA,NA,NA,NA
1958,NA,235,NA,NA,NA,NA,NA,0.125,46,2500,189,52,10.500000000000004,300,137,NA,166,184,NA,21,1,6684,617,4148.000000000001,NA,5,1
1959,NA,NA,NA,NA,NA,NA,NA,NA,NA,NA,NA,NA,NA,NA,NA,NA,NA,NA,NA,NA,NA,NA,NA,NA,NA,NA,NA
1960,NA,NA,NA,NA,NA,NA,NA,NA,NA,NA,NA,NA,NA,NA,NA,NA,NA,NA,NA,NA,NA,NA,NA,NA,NA,NA,NA
1961,NA,NA,NA,NA,NA,NA,NA,NA,NA,NA,NA,NA,NA,NA,NA,NA,NA,NA,NA,NA,NA,NA,NA,NA,NA,NA,NA
1962,NA,155,NA,NA,NA,NA,NA,0.15348770314971955,18,5400,137,17,0,0,120,NA,136,132,NA,7,2,6684,617,4148.000000000001,NA,2,1
1963,NA,NA,NA,NA,NA,NA,NA,NA,NA,NA,NA,NA,NA,NA,NA,NA,NA,NA,NA,NA,NA,NA,NA,NA,NA,NA,NA
1964,NA,NA,NA,NA,NA,NA,NA,NA,NA,NA,NA,NA,NA,NA,NA,NA,NA,NA,NA,NA,NA,NA,NA,NA,NA,NA,NA
1965,NA,NA,NA,NA,NA,NA,NA,NA,NA,NA,NA,NA,NA,NA,NA,NA,NA,NA,NA,NA,NA,NA,NA,NA,NA,NA,NA
1966,NA,NA,NA,NA,NA,NA,NA,NA,NA,NA,NA,NA,NA,NA,NA,NA,NA,NA,NA,NA,NA,NA,NA,NA,NA,NA,NA
1967,NA,263,NA,NA,NA,NA,NA,0.07692307692307693,56,1420,207,153,0.42000000000000015,42,54,66,157,66,1,15,1,6684,617,4148.000000000001,1,4,1
1968,NA,NA,NA,NA,NA,NA,NA,NA,NA,NA,NA,NA,NA,NA,NA,NA,NA,NA,NA,NA,NA,NA,NA,NA,NA,NA,NA
1969,NA,176,NA,NA,NA,NA,NA,0.1097672064777328,25,13200,151,48,0,819,103,131,134,116,5,43,8,6684,617,4148.000000000001,2,6,3
1970,NA,NA,NA,NA,NA,NA,NA,NA,NA,NA,NA,NA,NA,NA,NA,NA,NA,NA,NA,NA,NA,NA,NA,NA,NA,NA,NA
1971,NA,NA,NA,NA,NA,NA,NA,NA,NA,NA,NA,NA,NA,NA,NA,NA,NA,NA,NA,NA,NA,NA,NA,NA,NA,NA,NA
1972,NA,NA,NA,NA,NA,NA,NA,NA,NA,NA,NA,NA,NA,NA,NA,NA,NA,NA,NA,NA,NA,NA,NA,NA,NA,NA,NA
1973,NA,NA,NA,NA,NA,NA,NA,NA,NA,NA,NA,NA,NA,NA,NA,NA,NA,NA,NA,NA,NA,NA,NA,NA,NA,NA,NA
1974,NA,NA,NA,NA,NA,NA,NA,NA,NA,NA,NA,NA,NA,NA,NA,NA,NA,NA,NA,NA,NA,NA,NA,NA,NA,NA,NA
1975,NA,NA,NA,NA,NA,NA,NA,NA,NA,NA,NA,NA,NA,NA,NA,NA,NA,NA,NA,NA,NA,NA,NA,NA,NA,NA,NA
1976,NA,NA,NA,NA,NA,NA,NA,NA,NA,NA,NA,NA,NA,NA,NA,NA,NA,NA,NA,NA,NA,NA,NA,NA,NA,NA,NA
1977,NA,NA,NA,NA,NA,NA,NA,NA,NA,NA,NA,NA,NA,NA,NA,NA,NA,NA,NA,NA,NA,NA,NA,NA,NA,NA,NA
1978,256,229,0,0.14,NA,NA,NA,0.11016949152542373,70,3170,159,39,0,228,120,143,130.5,142.5,2,16,3,6684,617,4148.000000000001,2,4,2
1979,244,251,0,0,NA,NA,NA,0.06976744186046512,68,1240,183,64,0.17,59.5,119,NA,178,NA,NA,4,NA,6684,617,4148.000000000001,NA,1,NA
1980,NA,197,NA,NA,NA,NA,NA,0.10593991416309012,35,883,162,33,0,610,129,NA,147,141,NA,16,3,6684,617,4148.000000000001,NA,2,1
1981,NA,NA,NA,NA,NA,NA,NA,NA,NA,NA,NA,NA,NA,NA,NA,NA,NA,NA,NA,NA,NA,NA,NA,NA,NA,NA,NA
1982,239,234,0,0.07,NA,NA,NA,0.13714733542319746,37,835,197,36,0.295,90,161,NA,187,NA,NA,3,NA,6684,617,4148.000000000001,NA,2,NA
1983,164,250,0.9450000000000001,30.700000000000017,4,883.9679238297447,60,0.04239856189008731,35,540,215,108,205.8,558,107,151,129,151,2,49,3,6684,617,4148.000000000001,1,9,1
1984,NA,157,NA,NA,2,19.000115591534737,0,0.08955223880597023,67,430,90,42,12.100000000000001,28,48,NA,85,NA,NA,1,NA,6684,617,4148.000000000001,NA,1,NA
1985,NA,NA,NA,NA,NA,NA,NA,NA,NA,NA,NA,NA,NA,NA,NA,NA,NA,NA,NA,NA,NA,NA,NA,NA,NA,NA,NA
1986,NA,NA,NA,NA,NA,NA,NA,NA,NA,NA,NA,NA,NA,NA,NA,NA,NA,NA,NA,NA,NA,NA,NA,NA,NA,NA,NA
1987,NA,NA,NA,NA,NA,NA,NA,NA,NA,NA,NA,NA,NA,NA,NA,NA,NA,NA,NA,NA,NA,NA,NA,NA,NA,NA,NA
1988,NA,NA,NA,NA,NA,NA,NA,NA,NA,NA,NA,NA,NA,NA,NA,NA,NA,NA,NA,NA,NA,NA,NA,NA,NA,NA,NA
1989,NA,NA,NA,NA,NA,NA,NA,NA,NA,NA,NA,NA,NA,NA,NA,NA,NA,NA,NA,NA,NA,NA,NA,NA,NA,NA,NA
1990,NA,NA,NA,NA,NA,NA,NA,NA,NA,NA,NA,NA,NA,NA,NA,NA,NA,NA,NA,NA,NA,NA,NA,NA,NA,NA,NA
1991,NA,NA,NA,NA,NA,NA,NA,NA,NA,NA,NA,NA,NA,NA,NA,NA,NA,NA,NA,NA,NA,NA,NA,NA,NA,NA,NA
1992,247,213,0,0.3520000000000002,NA,NA,NA,0.07547169811320754,31,432,182,60,0,131.5,122,NA,135,NA,NA,5,NA,6684,617,4148.000000000001,NA,2,NA
1993,254,223,0,16,NA,NA,NA,0.04854368932038835,42,1320,181,87,13.6,501,94,145,122.5,143,1,38,3,6684,617,4148.000000000001,1,6,2
1994,260,198,0,0,3,23.979146490366926,75,0.1250000000000001,37,42,161,50,2.6100000000000003,17.5,111,NA,NA,NA,NA,NA,NA,6684,617,4148.000000000001,NA,NA,NA
1995,NA,211,NA,NA,NA,NA,NA,0.07523584905660377,34,3460,177,85,97.4,399,92,161,135,115,1,41,6,6684,617,4148.000000000001,1,6,3
1996,NA,NA,NA,NA,NA,NA,NA,NA,NA,NA,NA,NA,NA,NA,NA,NA,NA,NA,NA,NA,NA,NA,NA,NA,NA,NA,NA
1997,293,182,0,29.80000000000001,NA,NA,NA,0.0582579185520362,60,1510,122,55,4.88,152,67,NA,107,NA,NA,11,NA,6684,617,4148.000000000001,NA,3,NA
1998,204,274,6.3,25.400000000000034,4,229.99073396774335,66,0.05,46,742,228,119,135.4,600,109,135,199.5,134.5,3,59,5,6684,617,4148.000000000001,2,4,2
1999,254,242,0,0,5,15.075821626359572,60,0.08928571428571429,42,74,200,88,12.700000000000001,36.5,112,NA,132,NA,NA,1,NA,6684,617,4148.000000000001,NA,1,NA
2000,268,229,0,0,NA,NA,NA,0.14545454545454542,25,736,204,74,10,75.5,130,NA,172.5,NA,NA,3,NA,6684,617,4148.000000000001,NA,2,NA
2001,NA,200,NA,NA,NA,NA,NA,0.10013786188745458,40,5990,160,29,46.40000000000002,104,131,NA,155,155,NA,6,2,6684,617,4148.000000000001,NA,1,1
2002,NA,NA,NA,NA,NA,NA,NA,NA,NA,NA,NA,NA,NA,NA,NA,NA,NA,NA,NA,NA,NA,NA,NA,NA,NA,NA,NA
2003,NA,NA,NA,NA,NA,NA,NA,NA,NA,NA,NA,NA,NA,NA,NA,NA,NA,NA,NA,NA,NA,NA,NA,NA,NA,NA,NA
2004,NA,NA,NA,NA,NA,NA,NA,NA,NA,NA,NA,NA,NA,NA,NA,NA,NA,NA,NA,NA,NA,NA,NA,NA,NA,NA,NA
2005,294,235,0,3.5039999999999996,NA,NA,NA,0.07735955282100776,57,456,178,94,55.24,199.5,84,100,100,100,1,16,2,6684,617,4148.000000000001,1,5,1
2006,NA,227,NA,NA,NA,NA,NA,0.061855550931705715,37,3990,190,27,72.34,100,163,NA,139,185,NA,9,1,6684,617,4148.000000000001,NA,2,1
2007,NA,NA,NA,NA,NA,NA,NA,NA,NA,NA,NA,NA,NA,NA,NA,NA,NA,NA,NA,NA,NA,NA,NA,NA,NA,NA,NA
2008,NA,197,NA,NA,NA,NA,NA,0.0815450643776825,46,379,151,63,0,146,88,NA,120,NA,NA,8,NA,6684,617,4148.000000000001,NA,4,NA
2009,NA,NA,NA,NA,NA,NA,NA,NA,NA,NA,NA,NA,NA,NA,NA,NA,NA,NA,NA,NA,NA,NA,NA,NA,NA,NA,NA
2010,192,243,0,0,3,477.8849405471439,73,0.11904761904761904,46,514,197,98,34.43,81.3,99,NA,128,NA,NA,6,NA,6684,617,4148.000000000001,NA,3,NA
2011,NA,221,NA,NA,NA,NA,NA,0.0709197569662686,46,4530,175,106,21.1,89.25,69,NA,148,170,NA,19,2,6684,617,4148.000000000001,NA,3,1
2012,NA,NA,NA,NA,NA,NA,NA,NA,NA,NA,NA,NA,NA,NA,NA,NA,NA,NA,NA,NA,NA,NA,NA,NA,NA,NA,NA
2013,NA,NA,NA,NA,NA,NA,NA,NA,NA,NA,NA,NA,NA,NA,NA,NA,NA,NA,NA,NA,NA,NA,NA,NA,NA,NA,NA
2014,NA,NA,NA,NA,NA,NA,NA,NA,NA,NA,NA,NA,NA,NA,NA,NA,NA,NA,NA,NA,NA,NA,NA,NA,NA,NA,NA
2015,NA,NA,NA,NA,NA,NA,NA,NA,NA,NA,NA,NA,NA,NA,NA,NA,NA,NA,NA,NA,NA,NA,NA,NA,NA,NA,NA
2016,NA,NA,NA,NA,NA,NA,NA,NA,NA,NA,NA,NA,NA,NA,NA,NA,NA,NA,NA,NA,NA,NA,NA,NA,NA,NA,NA
2017,NA,NA,NA,NA,NA,NA,NA,NA,NA,NA,NA,NA,NA,NA,NA,NA,NA,NA,NA,NA,NA,NA,NA,NA,NA,NA,NA
2018,NA,NA,NA,NA,NA,NA,NA,NA,NA,NA,NA,NA,NA,NA,NA,NA,NA,NA,NA,NA,NA,NA,NA,NA,NA,NA,NA
2019,NA,208,NA,NA,NA,NA,NA,0.10062893081761007,47,1480,161,57,1.234,211,104,NA,136,NA,NA,15,NA,6684,617,4148.000000000001,NA,5,NA
2020,NA,NA,NA,NA,NA,NA,NA,NA,NA,NA,NA,NA,NA,NA,NA,NA,NA,NA,NA,NA,NA,NA,NA,NA,NA,NA,NA
