metric,status_code,status,alteration_type,median_in_iqr,comid
DS_Dur_WS,1,likely_unaltered,none_found,TRUE,5329511
DS_Tim,1,likely_unaltered,none_found,FALSE,5329511
DS_Mag_50,-1,likely_altered,high,FALSE,5329511
DS_Mag_90,1,likely_unaltered,none_found,TRUE,5329511
FA_Dur,1,likely_unaltered,none_found,TRUE,5329511
FA_Mag,1,likely_unaltered,none_found,TRUE,5329511
FA_Tim,1,likely_unaltered,none_found,TRUE,5329511
SP_ROC,0,indeterminate,high,FALSE,5329511
SP_Dur,-1,likely_altered,low,FALSE,5329511
SP_Mag,1,likely_unaltered,none_found,TRUE,5329511
SP_Tim,1,likely_unaltered,none_found,TRUE,5329511
Wet_BFL_Dur,1,likely_unaltered,none_found,TRUE,5329511
Wet_BFL_Mag_10,1,likely_unaltered,none_found,TRUE,5329511
Wet_BFL_Mag_50,0,indeterminate,unknown,TRUE,5329511
Wet_Tim,0,indeterminate,late,FALSE,5329511
Peak_Dur_10,1,likely_unaltered,none_found,TRUE,5329511
Peak_Dur_2,1,likely_unaltered,none_found,TRUE,5329511
Peak_Dur_5,1,likely_unaltered,none_found,TRUE,5329511
Peak_10,1,likely_unaltered,none_found,TRUE,5329511
Peak_2,1,likely_unaltered,none_found,TRUE,5329511
Peak_5,1,likely_unaltered,none_found,TRUE,5329511
Peak_Fre_10,1,likely_unaltered,none_found,TRUE,5329511
Peak_Fre_2,1,likely_unaltered,none_found,TRUE,5329511
Peak_Fre_5,1,likely_unaltered,none_found,FALSE,5329511
