metric,status_code,status,alteration_type,median_in_iqr,comid
DS_Dur_WS,0,indeterminate,unknown,TRUE,8943685
DS_Tim,1,likely_unaltered,none_found,TRUE,8943685
DS_Mag_50,1,likely_unaltered,none_found,TRUE,8943685
DS_Mag_90,1,likely_unaltered,none_found,TRUE,8943685
FA_Mag,1,likely_unaltered,none_found,TRUE,8943685
FA_Tim,1,likely_unaltered,none_found,TRUE,8943685
SP_Dur,1,likely_unaltered,none_found,TRUE,8943685
SP_Mag,1,likely_unaltered,none_found,TRUE,8943685
SP_Tim,1,likely_unaltered,none_found,TRUE,8943685
Wet_BFL_Dur,0,indeterminate,unknown,TRUE,8943685
Wet_BFL_Mag_10,-1,likely_altered,high,FALSE,8943685
Wet_BFL_Mag_50,1,likely_unaltered,none_found,TRUE,8943685
Wet_Tim,0,indeterminate,late,FALSE,8943685
Peak_10,1,likely_unaltered,none_found,TRUE,8943685
Peak_2,1,likely_unaltered,none_found,TRUE,8943685
Peak_5,1,likely_unaltered,none_found,TRUE,8943685
