metric,status_code,status,alteration_type,median_in_iqr,comid
DS_Dur_WS,0,indeterminate,unknown,TRUE,8941693
DS_Tim,1,likely_unaltered,none_found,TRUE,8941693
DS_Mag_50,1,likely_unaltered,none_found,TRUE,8941693
DS_Mag_90,1,likely_unaltered,none_found,TRUE,8941693
FA_Mag,1,likely_unaltered,none_found,TRUE,8941693
FA_Tim,1,likely_unaltered,none_found,TRUE,8941693
SP_Dur,1,likely_unaltered,none_found,TRUE,8941693
SP_Mag,0,indeterminate,unknown,TRUE,8941693
SP_Tim,0,indeterminate,unknown,TRUE,8941693
Wet_BFL_Dur,0,indeterminate,unknown,TRUE,8941693
Wet_BFL_Mag_10,1,likely_unaltered,none_found,TRUE,8941693
Wet_BFL_Mag_50,0,indeterminate,unknown,TRUE,8941693
Wet_Tim,0,indeterminate,unknown,TRUE,8941693
Peak_10,1,likely_unaltered,none_found,TRUE,8941693
Peak_2,-1,likely_altered,high,FALSE,8941693
Peak_5,1,likely_unaltered,none_found,FALSE,8941693
