metric,status_code,status,alteration_type,median_in_iqr,comid
DS_Dur_WS,0,indeterminate,unknown,TRUE,17684378
DS_Tim,0,indeterminate,unknown,TRUE,17684378
DS_Mag_50,0,indeterminate,unknown,TRUE,17684378
DS_Mag_90,0,indeterminate,unknown,TRUE,17684378
FA_Dur,1,likely_unaltered,none_found,TRUE,17684378
FA_Mag,1,likely_unaltered,none_found,TRUE,17684378
FA_Tim,0,indeterminate,unknown,TRUE,17684378
SP_ROC,1,likely_unaltered,none_found,TRUE,17684378
SP_Dur,0,indeterminate,unknown,TRUE,17684378
SP_Mag,1,likely_unaltered,none_found,TRUE,17684378
SP_Tim,0,indeterminate,unknown,TRUE,17684378
Wet_BFL_Dur,0,indeterminate,unknown,TRUE,17684378
Wet_BFL_Mag_10,0,indeterminate,unknown,TRUE,17684378
Wet_BFL_Mag_50,0,indeterminate,unknown,TRUE,17684378
Wet_Tim,0,indeterminate,unknown,TRUE,17684378
Peak_Dur_10,1,likely_unaltered,none_found,TRUE,17684378
Peak_Dur_2,1,likely_unaltered,none_found,TRUE,17684378
Peak_Dur_5,1,likely_unaltered,none_found,TRUE,17684378
Peak_10,1,likely_unaltered,none_found,TRUE,17684378
Peak_2,1,likely_unaltered,none_found,FALSE,17684378
Peak_5,1,likely_unaltered,none_found,TRUE,17684378
Peak_Fre_10,1,likely_unaltered,none_found,TRUE,17684378
Peak_Fre_2,1,likely_unaltered,none_found,TRUE,17684378
Peak_Fre_5,1,likely_unaltered,none_found,TRUE,17684378
