p10,p25,p50,p75,p90,metric,comid,result_type
NA,NA,NA,NA,NA,DS_Dur_WS,8922743,observed
NA,NA,NA,NA,NA,DS_Tim,8922743,observed
NA,NA,NA,NA,NA,DS_Mag_50,8922743,observed
NA,NA,NA,NA,NA,DS_Mag_90,8922743,observed
NA,NA,NA,NA,NA,FA_Dur,8922743,observed
NA,NA,NA,NA,NA,FA_Mag,8922743,observed
NA,NA,NA,NA,NA,FA_Tim,8922743,observed
NA,NA,NA,NA,NA,SP_ROC,8922743,observed
NA,NA,NA,NA,NA,SP_Dur,8922743,observed
NA,NA,NA,NA,NA,SP_Mag,8922743,observed
NA,NA,NA,NA,NA,SP_Tim,8922743,observed
NA,NA,NA,NA,NA,Wet_BFL_Dur,8922743,observed
NA,NA,NA,NA,NA,Wet_BFL_Mag_10,8922743,observed
NA,NA,NA,NA,NA,Wet_BFL_Mag_50,8922743,observed
NA,NA,NA,NA,NA,Wet_Tim,8922743,observed
174.39999999999998,178,184,190,193.6,Peak_Tim_10,8922743,observed
123.19999999999999,149,182.5,188,191.2,Peak_Tim_2,8922743,observed
175.3,180.25,184.25,187.875,192.15,Peak_Tim_5,8922743,observed
1,1,1,4.5,6.599999999999999,Peak_Dur_10,8922743,observed
6.6000000000000005,9,16,33,47.59999999999997,Peak_Dur_2,8922743,observed
1,1,3,8,13.400000000000002,Peak_Dur_5,8922743,observed
0.88,0.88,0.88,0.88,0.88,Peak_10,8922743,observed
0.39,0.39,0.39,0.39,0.39,Peak_2,8922743,observed
0.778,0.778,0.778,0.778,0.778,Peak_5,8922743,observed
1,1,1,2,2.5999999999999996,Peak_Fre_10,8922743,observed
1,1,3,4,5,Peak_Fre_2,8922743,observed
1,1,2,3.75,5.1000000000000005,Peak_Fre_5,8922743,observed
