Year,DS_Dur_WS,DS_Tim,DS_Mag_50,DS_Mag_90,FA_Dur,FA_Mag,FA_Tim,SP_ROC,SP_Dur,SP_Mag,SP_Tim,Wet_BFL_Dur,Wet_BFL_Mag_10,Wet_BFL_Mag_50,Wet_Tim,Peak_Tim_10,Peak_Tim_2,Peak_Tim_5,Peak_Dur_10,Peak_Dur_2,Peak_Dur_5,Peak_10,Peak_2,Peak_5,Peak_Fre_10,Peak_Fre_2,Peak_Fre_5
2000,NA,NA,NA,NA,NA,NA,NA,NA,NA,NA,NA,NA,NA,NA,NA,NA,172,NA,NA,129,NA,0.18,0.04,0.1,NA,11,NA
2001,NA,NA,NA,NA,NA,NA,NA,NA,NA,NA,NA,NA,NA,NA,NA,NA,NA,NA,NA,NA,NA,0.18,0.04,0.1,NA,NA,NA
2002,NA,NA,NA,NA,NA,NA,NA,NA,NA,NA,NA,NA,NA,NA,NA,NA,NA,NA,NA,NA,NA,NA,NA,NA,NA,NA,NA
2003,NA,NA,NA,NA,NA,NA,NA,NA,NA,NA,NA,NA,NA,NA,NA,NA,NA,NA,NA,NA,NA,NA,NA,NA,NA,NA,NA
2004,NA,NA,NA,NA,NA,NA,NA,NA,NA,NA,NA,NA,NA,NA,NA,NA,247.5,NA,NA,6,NA,0.18,0.04,0.1,NA,2,NA
2005,NA,NA,NA,NA,NA,NA,NA,NA,NA,NA,NA,NA,NA,NA,NA,NA,199,NA,NA,72,NA,0.18,0.04,0.1,NA,1,NA
2006,NA,NA,NA,NA,NA,NA,NA,NA,NA,NA,NA,NA,NA,NA,NA,91,135,91,1,116,1,0.18,0.04,0.1,1,2,1
2007,NA,NA,NA,NA,NA,NA,NA,NA,NA,NA,NA,NA,NA,NA,NA,NA,NA,NA,NA,NA,NA,0.18,0.04,0.1,NA,NA,NA
2008,NA,NA,NA,NA,NA,NA,NA,NA,NA,NA,NA,NA,NA,NA,NA,NA,NA,NA,NA,NA,NA,0.18,0.04,0.1,NA,NA,NA
2009,NA,NA,NA,NA,NA,NA,NA,NA,NA,NA,NA,NA,NA,NA,NA,NA,NA,NA,NA,NA,NA,0.18,0.04,0.1,NA,NA,NA
2010,NA,NA,NA,NA,NA,NA,NA,NA,NA,NA,NA,NA,NA,NA,NA,12,12,12,1,2,1,0.18,0.04,0.1,1,1,1
2011,NA,NA,NA,NA,NA,NA,NA,NA,NA,NA,NA,NA,NA,NA,NA,NA,172.5,202,NA,101,1,0.18,0.04,0.1,NA,2,1
2012,NA,NA,NA,NA,NA,NA,NA,NA,NA,NA,NA,NA,NA,NA,NA,NA,NA,NA,NA,NA,NA,0.18,0.04,0.1,NA,NA,NA
