metric,status_code,status,alteration_type,median_in_iqr,comid
DS_Dur_WS,NA,not_enough_data,undeterminable,NA,8922727
DS_Tim,NA,not_enough_data,undeterminable,NA,8922727
DS_Mag_50,NA,not_enough_data,undeterminable,NA,8922727
DS_Mag_90,NA,not_enough_data,undeterminable,NA,8922727
FA_Mag,NA,not_enough_data,undeterminable,NA,8922727
FA_Tim,NA,not_enough_data,undeterminable,NA,8922727
SP_Dur,NA,not_enough_data,undeterminable,NA,8922727
SP_Mag,NA,not_enough_data,undeterminable,NA,8922727
SP_Tim,NA,not_enough_data,undeterminable,NA,8922727
Wet_BFL_Dur,NA,not_enough_data,undeterminable,NA,8922727
Wet_BFL_Mag_10,NA,not_enough_data,undeterminable,NA,8922727
Wet_BFL_Mag_50,NA,not_enough_data,undeterminable,NA,8922727
Wet_Tim,NA,not_enough_data,undeterminable,NA,8922727
Peak_10,-1,likely_altered,low,FALSE,8922727
Peak_2,-1,likely_altered,low,FALSE,8922727
Peak_5,-1,likely_altered,low,FALSE,8922727
