p10,p25,p50,p75,p90,metric,comid,result_type
NA,NA,NA,NA,NA,DS_Dur_WS,8922727,observed
NA,NA,NA,NA,NA,DS_Tim,8922727,observed
NA,NA,NA,NA,NA,DS_Mag_50,8922727,observed
NA,NA,NA,NA,NA,DS_Mag_90,8922727,observed
NA,NA,NA,NA,NA,FA_Dur,8922727,observed
NA,NA,NA,NA,NA,FA_Mag,8922727,observed
NA,NA,NA,NA,NA,FA_Tim,8922727,observed
NA,NA,NA,NA,NA,SP_ROC,8922727,observed
NA,NA,NA,NA,NA,SP_Dur,8922727,observed
NA,NA,NA,NA,NA,SP_Mag,8922727,observed
NA,NA,NA,NA,NA,SP_Tim,8922727,observed
NA,NA,NA,NA,NA,Wet_BFL_Dur,8922727,observed
NA,NA,NA,NA,NA,Wet_BFL_Mag_10,8922727,observed
NA,NA,NA,NA,NA,Wet_BFL_Mag_50,8922727,observed
NA,NA,NA,NA,NA,Wet_Tim,8922727,observed
19.900000000000006,31.75,51.5,71.25,83.1,Peak_Tim_10,8922727,observed
73.5,144.25,172.25,192.375,223.25,Peak_Tim_2,8922727,observed
27.799999999999997,51.5,91,146.5,179.79999999999998,Peak_Tim_5,8922727,observed
1,1,1,1,1,Peak_Dur_10,8922727,observed
4,22.5,86.5,112.25,122.5,Peak_Dur_2,8922727,observed
1,1,1,1,1,Peak_Dur_5,8922727,observed
0.18,0.18,0.18,0.18,0.18,Peak_10,8922727,observed
0.04,0.04,0.04,0.04,0.04,Peak_2,8922727,observed
0.1,0.1,0.1,0.1,0.1,Peak_5,8922727,observed
1,1,1,1,1,Peak_Fre_10,8922727,observed
1,1.25,2,2,6.5,Peak_Fre_2,8922727,observed
1,1,1,1,1,Peak_Fre_5,8922727,observed
