metric,status_code,status,alteration_type,median_in_iqr,comid
FA_Dur,1,likely_unaltered,none_found,TRUE,20326435
SP_ROC,1,likely_unaltered,none_found,FALSE,20326435
Peak_Dur_10,1,likely_unaltered,none_found,FALSE,20326435
Peak_Dur_2,1,likely_unaltered,none_found,FALSE,20326435
Peak_Dur_5,1,likely_unaltered,none_found,TRUE,20326435
Peak_Fre_10,1,likely_unaltered,none_found,FALSE,20326435
Peak_Fre_2,1,likely_unaltered,none_found,TRUE,20326435
Peak_Fre_5,1,likely_unaltered,none_found,TRUE,20326435
