Year,DS_Dur_WS,DS_Tim,DS_Mag_50,DS_Mag_90,FA_Dur,FA_Mag,FA_Tim,SP_ROC,SP_Dur,SP_Mag,SP_Tim,Wet_BFL_Dur,Wet_BFL_Mag_10,Wet_BFL_Mag_50,Wet_Tim,Peak_Tim_10,Peak_Tim_2,Peak_Tim_5,Peak_Dur_10,Peak_Dur_2,Peak_Dur_5,Peak_10,Peak_2,Peak_5,Peak_Fre_10,Peak_Fre_2,Peak_Fre_5
1913,191,279,0.2,5,1,24.980388712609,2,0.1111111111111111,100,49,179,55,7,21,124,NA,146.5,NA,NA,2,NA,1400.000000000001,96,1068,NA,2,NA
1914,201,275,0.4,6.7,19,27.995446139800173,43,0.08333333333333333,128,1490,147,43,8.2,24,104,143,129,130.5,1,12,2,1400.000000000001,96,1068,1,2,2
1915,169,295,5.5,11,8,1.3796565594126344,22,0.06666666666666667,75,850,220,110,38,101.5,110,NA,202,132,NA,74,2,1400.000000000001,96,1068,NA,5,1
1916,195,246,13,25,5,37.997023680955934,64,0.05,123,9740,123,25,25,611,98,113,107,113,7,93,8,1400.000000000001,96,1068,2,1,2
1917,217,285,4.4,9,2,49.99895470821406,1,0.07142857142857142,45,71,240,165,23,38,75,NA,110,145,NA,20,1,1400.000000000001,96,1068,NA,7,1
1918,136,280,1.4,7.5,4,18.997367358135673,37,0.12,114,1300,166,30,9,20,136,NA,161,162,NA,8,1,1400.000000000001,96,1068,NA,3,1
1919,232,265,0.2,5.5,1,4.546810230969362,5,0.16666666666666666,32,7,233,183,7,12,50,NA,164,NA,NA,1,NA,1400.000000000001,96,1068,NA,1,NA
1920,146,288,0.6,2.9,8,2.647129703866911,24,0.07692307692307689,86,173,202,71,8,60,131,NA,167,NA,NA,21,NA,1400.000000000001,96,1068,NA,6,NA
1921,161,277,0,1,3,3.844840249116062,19,0.11111111111111109,39,69,238,170,2.9,7,68,NA,NA,NA,NA,NA,NA,1400.000000000001,96,1068,NA,NA,NA
1922,NA,282,NA,NA,9,5.0020900929047265,0,0.08333333333333333,58,332,224,152,72.30000000000001,170.5,72,83,163.5,85,2,121,4,1400.000000000001,96,1068,2,4,3
1923,NA,NA,NA,NA,NA,NA,NA,NA,NA,NA,NA,NA,NA,NA,NA,NA,NA,NA,NA,NA,NA,NA,NA,NA,NA,NA,NA
1924,NA,NA,NA,NA,NA,NA,NA,NA,NA,NA,NA,NA,NA,NA,NA,NA,NA,NA,NA,NA,NA,NA,NA,NA,NA,NA,NA
1925,NA,NA,NA,NA,NA,NA,NA,NA,NA,NA,NA,NA,NA,NA,NA,NA,NA,NA,NA,NA,NA,NA,NA,NA,NA,NA,NA
1926,NA,NA,NA,NA,NA,NA,NA,NA,NA,NA,NA,NA,NA,NA,NA,NA,NA,NA,NA,NA,NA,NA,NA,NA,NA,NA,NA
1927,NA,NA,NA,NA,NA,NA,NA,NA,NA,NA,NA,NA,NA,NA,NA,NA,NA,NA,NA,NA,NA,NA,NA,NA,NA,NA,NA
1928,NA,NA,NA,NA,NA,NA,NA,NA,NA,NA,NA,NA,NA,NA,NA,NA,NA,NA,NA,NA,NA,NA,NA,NA,NA,NA,NA
1929,NA,NA,NA,NA,NA,NA,NA,NA,NA,NA,NA,NA,NA,NA,NA,NA,NA,NA,NA,NA,NA,NA,NA,NA,NA,NA,NA
1930,NA,NA,NA,NA,NA,NA,NA,NA,NA,NA,NA,NA,NA,NA,NA,NA,NA,NA,NA,NA,NA,NA,NA,NA,NA,NA,NA
1931,NA,NA,NA,NA,NA,NA,NA,NA,NA,NA,NA,NA,NA,NA,NA,NA,NA,NA,NA,NA,NA,NA,NA,NA,NA,NA,NA
1932,NA,NA,NA,NA,NA,NA,NA,NA,NA,NA,NA,NA,NA,NA,NA,NA,NA,NA,NA,NA,NA,NA,NA,NA,NA,NA,NA
1933,NA,NA,NA,NA,NA,NA,NA,NA,NA,NA,NA,NA,NA,NA,NA,NA,NA,NA,NA,NA,NA,NA,NA,NA,NA,NA,NA
1934,NA,NA,NA,NA,NA,NA,NA,NA,NA,NA,NA,NA,NA,NA,NA,NA,NA,NA,NA,NA,NA,NA,NA,NA,NA,NA,NA
1935,NA,NA,NA,NA,NA,NA,NA,NA,NA,NA,NA,NA,NA,NA,NA,NA,NA,NA,NA,NA,NA,NA,NA,NA,NA,NA,NA
1936,NA,NA,NA,NA,NA,NA,NA,NA,NA,NA,NA,NA,NA,NA,NA,NA,NA,NA,NA,NA,NA,NA,NA,NA,NA,NA,NA
1937,NA,NA,NA,NA,NA,NA,NA,NA,NA,NA,NA,NA,NA,NA,NA,NA,NA,NA,NA,NA,NA,NA,NA,NA,NA,NA,NA
1938,NA,NA,NA,NA,NA,NA,NA,NA,NA,NA,NA,NA,NA,NA,NA,NA,NA,NA,NA,NA,NA,NA,NA,NA,NA,NA,NA
1939,NA,NA,NA,NA,NA,NA,NA,NA,NA,NA,NA,NA,NA,NA,NA,NA,NA,NA,NA,NA,NA,NA,NA,NA,NA,NA,NA
1940,NA,NA,NA,NA,NA,NA,NA,NA,NA,NA,NA,NA,NA,NA,NA,NA,NA,NA,NA,NA,NA,NA,NA,NA,NA,NA,NA
1941,NA,NA,NA,NA,NA,NA,NA,NA,NA,NA,NA,NA,NA,NA,NA,NA,NA,NA,NA,NA,NA,NA,NA,NA,NA,NA,NA
1942,NA,NA,NA,NA,NA,NA,NA,NA,NA,NA,NA,NA,NA,NA,NA,NA,NA,NA,NA,NA,NA,NA,NA,NA,NA,NA,NA
1943,NA,NA,NA,NA,NA,NA,NA,NA,NA,NA,NA,NA,NA,NA,NA,NA,NA,NA,NA,NA,NA,NA,NA,NA,NA,NA,NA
1944,228,280,3.35,12,3,8.199796313025821,67,0.0625,110,184,170,41,11,105,129,NA,153.5,NA,NA,25,NA,1400.000000000001,96,1068,NA,2,NA
1945,99,333,1.1,2.6,3,154.7884826898355,42,0.08791208791208792,156,332,177,35,12,40,142,NA,154,NA,NA,19,NA,1400.000000000001,96,1068,NA,5,NA
1946,134,252,0,0.1,3,3.4192683857658994,38,0.08333333333333333,165,1260,87,21,3,3.5,66,NA,82,83,NA,2,1,1400.000000000001,96,1068,NA,1,1
1947,199,225,0,0.3,7,3.5992985224257827,0,0.20913461538461542,17,6.8,208,188,2.04,6.8,20,NA,53,NA,NA,2,NA,1400.000000000001,96,1068,NA,1,NA
1948,193,267,0,0,NA,NA,NA,0.33333333333333337,51,6,216,158,1.37,3.4,58,NA,NA,NA,NA,NA,NA,1400.000000000001,96,1068,NA,NA,NA
1949,180,276,0,0,NA,NA,NA,0.1538461538461538,43,21,233,139,5.840000000000001,20,94,NA,130,NA,NA,1,NA,1400.000000000001,96,1068,NA,1,NA
1950,207,254,0,0,NA,NA,NA,0.19999999999999996,35,9.6,219,129,3.3,5.7,90,NA,129,NA,NA,1,NA,1400.000000000001,96,1068,NA,1,NA
1951,199,250,0,0,NA,NA,NA,0.28571428571428564,20,5.3,230,135,1.1,2.7,95,NA,NA,NA,NA,NA,NA,1400.000000000001,96,1068,NA,NA,NA
1952,148,275,0,2.3,NA,NA,NA,0.06101190476190476,60,109,215,132,14,57,83,NA,171,138,NA,39,2,1400.000000000001,96,1068,NA,8,2
1953,264,262,0,1.8400000000000034,15,8.156896849828867,46,0.45925925925925926,18,4.5,244,187,2.9200000000000004,6.1,57,NA,NA,NA,NA,NA,NA,1400.000000000001,96,1068,NA,NA,NA
1954,235,225,0,0.35999999999999943,NA,NA,NA,0.09847610251673972,46,209,179,19,1.18,5.2,160,NA,173.5,NA,NA,3,NA,1400.000000000001,96,1068,NA,2,NA
1955,176,296,0,0,NA,NA,NA,NA,45,0,251,157,0,0.3,94,NA,NA,NA,NA,NA,NA,1400.000000000001,96,1068,NA,NA,NA
1956,243,227,0,0,NA,NA,NA,0.16666666666666663,105,214,122,16,0,0,106,NA,118,NA,NA,1,NA,1400.000000000001,96,1068,NA,1,NA
1957,266,252,0,0.6,NA,NA,NA,0.19999999999999996,15,6.8,237,133,0,0.3,104,NA,NA,NA,NA,NA,NA,1400.000000000001,96,1068,NA,NA,NA
1958,NA,242,NA,NA,NA,NA,NA,0.09090909090909091,54,749,188,36,5.05,35.5,152,NA,172,NA,NA,14,NA,1400.000000000001,96,1068,NA,5,NA
1959,NA,NA,NA,NA,NA,NA,NA,NA,NA,NA,NA,NA,NA,NA,NA,NA,NA,NA,NA,NA,NA,NA,NA,NA,NA,NA,NA
1960,NA,270,NA,NA,NA,NA,NA,0.33333333333333326,49,6.4,221,111,0,0.8,110,NA,NA,NA,NA,NA,NA,1400.000000000001,96,1068,NA,NA,NA
1961,NA,NA,NA,NA,NA,NA,NA,NA,NA,NA,NA,NA,NA,NA,NA,NA,NA,NA,NA,NA,NA,NA,NA,NA,NA,NA,NA
1962,NA,268,NA,NA,NA,NA,NA,0.46428571428571425,25,1.9,243,116,0.1,1.4,127,NA,NA,NA,NA,NA,NA,1400.000000000001,96,1068,NA,NA,NA
1963,NA,NA,NA,NA,NA,NA,NA,NA,NA,NA,NA,NA,NA,NA,NA,NA,NA,NA,NA,NA,NA,NA,NA,NA,NA,NA,NA
1964,NA,NA,NA,NA,NA,NA,NA,NA,NA,NA,NA,NA,NA,NA,NA,NA,NA,NA,NA,NA,NA,NA,NA,NA,NA,NA,NA
1965,NA,NA,NA,NA,NA,NA,NA,NA,NA,NA,NA,NA,NA,NA,NA,NA,NA,NA,NA,NA,NA,NA,NA,NA,NA,NA,NA
1966,192,227,0,0,NA,NA,NA,0.10626959247648897,170,1060,57,17,0,0.1,40,NA,52,NA,NA,2,NA,1400.000000000001,96,1068,NA,1,NA
1967,170,260,0,0.3,NA,NA,NA,0.09506777108433742,190,2620,70,17,0,0,53,66,65,66,1,3,1,1400.000000000001,96,1068,1,1,1
1968,251,221,0,0.02,NA,NA,NA,0.5,30,4.3,191,127,0,0.3,64,NA,NA,NA,NA,NA,NA,1400.000000000001,96,1068,NA,NA,NA
1969,282,205,0.06,7.1,NA,NA,NA,0.0698051948051948,54,1970,151,45,0.084,35,106,131,128,131,3,15,3,1400.000000000001,96,1068,2,3,2
1970,208,228,0.01,0.04,NA,NA,NA,0.13267543859649125,69,45,159,38,0.856,1.3,121,NA,NA,NA,NA,NA,NA,1400.000000000001,96,1068,NA,NA,NA
1971,156,280,0.01,0.03,NA,NA,NA,0.5,35,0.84,245,175,0.02,0.53,70,NA,NA,NA,NA,NA,NA,1400.000000000001,96,1068,NA,NA,NA
1972,136,355,0.02,1.15,NA,NA,NA,0.3333333333333333,262,4,93,23,0.02,0.06,70,NA,NA,NA,NA,NA,NA,1400.000000000001,96,1068,NA,NA,NA
1973,189,264,0,0.01,17,1.1976899322191419,44,0.10526315789473682,81,52,183,58,1.47,15,125,NA,NA,NA,NA,NA,NA,1400.000000000001,96,1068,NA,NA,NA
1974,297,217,0.01,0.03400000000000034,NA,NA,NA,0.10638297872340424,29,5,188,101,0.06,1.1,87,NA,99,NA,NA,1,NA,1400.000000000001,96,1068,NA,1,NA
1975,218,266,0,0.02,NA,NA,NA,0.12048192771084347,72,60,194,46,0.02,2.55,148,NA,NA,NA,NA,NA,NA,1400.000000000001,96,1068,NA,NA,NA
1976,279,232,0.02,0.07,NA,NA,NA,0.12903225806451607,30,20,202,84,0.02,0.915,118,NA,NA,NA,NA,NA,NA,1400.000000000001,96,1068,NA,NA,NA
1977,169,295,0,0.02,NA,NA,NA,0.27922077922077926,70,9.2,225,80,0.059000000000000004,0.08499999999999999,145,NA,NA,NA,NA,NA,NA,1400.000000000001,96,1068,NA,NA,NA
1978,211,248,0.65,5.9,NA,NA,NA,0.06066176470588235,89,900,159,61,4.6,34,98,NA,131,NA,NA,28,NA,1400.000000000001,96,1068,NA,5,NA
1979,252,230,2.8,14,4,5.81552596005623,42,0.06066176470588235,48,1070,182,89,13.600000000000001,31,93,NA,151,178,NA,16,1,1400.000000000001,96,1068,NA,7,1
1980,249,230,7.4,29,11,7.078603629422294,19,0.06666666666666667,69,1290,161,45,26.4,421,116,130,162.5,140,6,86,7,1400.000000000001,96,1068,2,6,3
1981,174,289,1.3,3.4,NA,NA,NA,0.05882352941176468,115,30,174,61,6.8,13,113,NA,NA,NA,NA,NA,NA,1400.000000000001,96,1068,NA,NA,NA
1982,225,254,1.3,7.4,5,4.417888320897172,59,0.06904761904761905,67,134,187,90,5.76,8.8,97,NA,167,NA,NA,7,NA,1400.000000000001,96,1068,NA,3,NA
1983,71,332,4.4,6.6,7,8.382859446272764,40,0.04149449035812672,125,343,207,94,20,150,113,NA,134.5,174,NA,80,1,1400.000000000001,96,1068,NA,6,1
1984,171,240,0.44,1.1,NA,NA,NA,0.04764605785592739,53,26,187,150,7.6,12,37,NA,85,NA,NA,3,NA,1400.000000000001,96,1068,NA,1,NA
1985,145,271,0.16,0.33,NA,NA,NA,0.058823529411764754,65,9,206,161,2.3,6.3,45,NA,NA,NA,NA,NA,NA,1400.000000000001,96,1068,NA,NA,NA
1986,175,240,0.5,1.1,NA,NA,NA,0.07407407407407414,70,248,170,120,2.1,4.05,50,NA,164,NA,NA,5,NA,1400.000000000001,96,1068,NA,3,NA
1987,196,258,0.1,1.05,7,1.1249729516997258,48,0.08452380952380947,68,4.5,190,141,0.93,1.9,49,NA,NA,NA,NA,NA,NA,1400.000000000001,96,1068,NA,NA,NA
1988,226,232,0.02,0.155,3,1.0750143279286872,32,0.12820512820512822,23,9.5,209,121,0.64,1.6,88,NA,109,NA,NA,1,NA,1400.000000000001,96,1068,NA,1,NA
1989,NA,223,NA,NA,NA,NA,NA,0.10912698412698416,43,8.3,180,88,0.41,1.3,92,NA,NA,NA,NA,NA,NA,1400.000000000001,96,1068,NA,NA,NA
1990,NA,NA,NA,NA,NA,NA,NA,NA,NA,NA,NA,NA,NA,NA,NA,NA,NA,NA,NA,NA,NA,1400.000000000001,96,1068,NA,NA,NA
1991,273,216,0.02,0.45400000000000035,NA,NA,NA,0.05633802816901401,35,330,181,40,0,1.7000000000000002,141,NA,170,NA,NA,4,NA,1400.000000000001,96,1068,NA,3,NA
1992,194,257,0.02,0.47100000000000053,NA,NA,NA,0.08860759493670893,78,24,179,56,0.9099999999999999,2.75,123,NA,NA,NA,NA,NA,NA,1400.000000000001,96,1068,NA,NA,NA
1993,243,230,3,11,NA,NA,NA,0.046511627906976744,47,150,183,98,7.720000000000008,110,85,NA,131,NA,NA,60,NA,1400.000000000001,96,1068,NA,6,NA
1994,216,277,0.345,13.5,2,7.638653422953086,75,0.058823529411764754,65,14,212,105,3.88,8,107,NA,NA,NA,NA,NA,NA,1400.000000000001,96,1068,NA,NA,NA
1995,190,279,2.4,4,NA,NA,NA,0.05718954248366013,101,117,178,51,10,62,127,155,153.5,155,2,29,2,1400.000000000001,96,1068,1,8,1
1996,197,253,0.01,0.8580000000000001,4,5.106647247002624,31,0.2237113402061856,12,2.7,241,138,1.1700000000000002,5.25,103,NA,NA,NA,NA,NA,NA,1400.000000000001,96,1068,NA,NA,NA
1997,280,207,0.01,1.1099999999999994,7,9.274321331946542,52,0.09999999999999991,22,3,185,101,2.3,4.8,84,NA,104,NA,NA,1,NA,1400.000000000001,96,1068,NA,1,NA
1998,105,293,0.73,3,21,2.534051353962333,57,0.061553030303030304,64,98,229,108,20.700000000000003,45.5,121,NA,158.5,NA,NA,21,NA,1400.000000000001,96,1068,NA,8,NA
1999,211,274,0,0.46,2,1.6256650405340405,25,0.18465909090909094,23,2.7,251,219,1.9,4.3,32,NA,NA,NA,NA,NA,NA,1400.000000000001,96,1068,NA,NA,NA
2000,233,229,0,0.09,NA,NA,NA,0.19722222222222224,25,4.6,204,85,0.662,1.8,119,NA,NA,NA,NA,NA,NA,1400.000000000001,96,1068,NA,NA,NA
2001,NA,235,NA,NA,NA,NA,NA,0.09756097560975606,28,5.8,207,111,0.46,1.5,96,NA,NA,NA,NA,NA,NA,1400.000000000001,96,1068,NA,NA,NA
2002,154,341,0,0.03,NA,NA,NA,0.28571428571428575,129,0.28,212,NA,NA,NA,NA,NA,NA,NA,NA,NA,NA,1400.000000000001,96,1068,NA,NA,NA
2003,256,233,0,0.01,NA,NA,NA,0.23684210526315796,14,8.26,219,90,0.209,2.46,129,NA,NA,NA,NA,NA,NA,1400.000000000001,96,1068,NA,NA,NA
2004,249,201,0,0.29,NA,NA,NA,0.22474747474747467,13,15.3,188,65,0.024000000000000004,0.15,123,NA,NA,NA,NA,NA,NA,1400.000000000001,96,1068,NA,NA,NA
2005,229,266,0.01,0.6120000000000002,7,55.38495559760165,19,0.04123711340206171,89,114,177,93,9.956000000000001,40.4,84,NA,144.5,102,NA,18,1,1400.000000000001,96,1068,NA,6,1
2006,NA,256,NA,NA,NA,NA,NA,0.08141414141414141,55,13.1,201,72,0.576,4.02,129,NA,NA,NA,NA,NA,NA,1400.000000000001,96,1068,NA,NA,NA
2007,156,298,0,0.22,NA,NA,NA,0.3333333333333333,50,0.07,248,NA,NA,NA,NA,NA,NA,NA,NA,NA,NA,1400.000000000001,96,1068,NA,NA,NA
2008,176,253,0,0.03,3,39.003762437631174,61,0.22328949312841734,15,130,238,150,0.477,5.6850000000000005,88,NA,134.5,NA,NA,8,NA,1400.000000000001,96,1068,NA,6,NA
2009,250,211,0,0.2839999999999998,10,7.071858319283795,56,0.12499999999999997,68,68.2,143,80,0.04,0.36,63,NA,77,NA,NA,1,NA,1400.000000000001,96,1068,NA,1,NA
2010,220,216,0,0.34,19,4.122156965216182,58,0.10099778270509974,80,73,136,41,1.37,4.8,95,NA,119,NA,NA,7,NA,1400.000000000001,96,1068,NA,2,NA
2011,192,270,0,0.28900000000000003,6,6.319378154981666,18,0.07142857142857142,95,97.7,175,105,4.872,15.6,70,82,121,82,1,13,1,1400.000000000001,96,1068,1,6,1
2012,NA,226,NA,NA,10,1.2214425057048415,50,0.13382352941176476,25,18.1,201,105,0.05,0.53,96,NA,NA,NA,NA,NA,NA,1400.000000000001,96,1068,NA,NA,NA
2013,NA,NA,NA,NA,NA,NA,NA,NA,NA,NA,NA,NA,NA,NA,NA,NA,NA,NA,NA,NA,NA,NA,NA,NA,NA,NA,NA
2014,NA,NA,NA,NA,NA,NA,NA,NA,NA,NA,NA,NA,NA,NA,NA,NA,NA,NA,NA,NA,NA,NA,NA,NA,NA,NA,NA
2015,NA,NA,NA,NA,NA,NA,NA,NA,NA,NA,NA,NA,NA,NA,NA,NA,NA,NA,NA,NA,NA,NA,NA,NA,NA,NA,NA
2016,255,215,0,0,NA,NA,NA,0.4168173598553346,114,33,101,44,0,0,57,NA,NA,NA,NA,NA,NA,1400.000000000001,96,1068,NA,NA,NA
2017,NA,196,NA,NA,NA,NA,NA,0.061258278145695295,42,819,154,50,0.7750000000000002,10.05,104,NA,130.5,149,NA,5,1,1400.000000000001,96,1068,NA,2,1
2018,NA,NA,NA,NA,NA,NA,NA,NA,NA,NA,NA,NA,NA,NA,NA,NA,NA,NA,NA,NA,NA,NA,NA,NA,NA,NA,NA
2019,264,257,0.015,1.5870000000000002,20,2.809628411004209,60,0.07397622192866585,117,1580,140,20,0,3.375,120,136,136,136,1,2,1,1400.000000000001,96,1068,1,1,1
2020,264,257,0.02,1.5870000000000002,16,2.82421366162862,50,0.0664556962025317,61,486,196,41,0.93,9.13,155,NA,192,NA,NA,2,NA,1400.000000000001,96,1068,NA,1,NA
