Year,DS_Dur_WS,DS_Tim,DS_Mag_50,DS_Mag_90,FA_Dur,FA_Mag,FA_Tim,SP_ROC,SP_Dur,SP_Mag,SP_Tim,Wet_BFL_Dur,Wet_BFL_Mag_10,Wet_BFL_Mag_50,Wet_Tim,Peak_Tim_10,Peak_Tim_2,Peak_Tim_5,Peak_Dur_10,Peak_Dur_2,Peak_Dur_5,Peak_10,Peak_2,Peak_5,Peak_Fre_10,Peak_Fre_2,Peak_Fre_5
1913,197,251,0,1,NA,NA,NA,0.19374999999999998,70,10,181,84,0.23000000000000007,3.4,97,NA,NA,NA,NA,NA,NA,2370,371,1960,NA,NA,NA
1914,197,262,0,3.280000000000001,NA,NA,NA,0.10263157894736842,115,1960,147,65,19.8,105,82,116,108,127.5,3,26,7,2370,371,1960,3,5,4
1915,196,255,0.1,5.5,NA,NA,NA,0.10091743119266056,106,376,149,56,15.5,140.5,93,NA,137.5,124,NA,15,1,2370,371,1960,NA,4,1
1916,238,208,0,9.5,2,265.95663612596024,74,0.046886446886446886,48,237,160,75,8.100000000000001,186,85,94,110,94,1,23,1,2370,371,1960,1,6,1
1917,324,181,0,6,NA,NA,NA,0.12244897959183673,30,2440,151,71,5,8,80,147,118.5,147,1,7,1,2370,371,1960,1,2,1
1918,267,207,0,3.9,NA,NA,NA,0.10101010101010101,33,168,174,35,0,14,139,NA,NA,NA,NA,NA,NA,2370,371,1960,NA,NA,NA
1919,NA,196,NA,NA,NA,NA,NA,0.05661881977671451,27,556,169,61,5.5,38,108,133,148,133,1,7,1,2370,371,1960,1,3,1
1920,NA,NA,NA,NA,NA,NA,NA,NA,NA,NA,NA,NA,NA,NA,NA,NA,NA,NA,NA,NA,NA,NA,NA,NA,NA,NA,NA
1921,242,205,0,2.9,NA,NA,NA,0.08333333333333333,79,317,126,49,2,24,77,NA,115,NA,NA,4,NA,2370,371,1960,NA,2,NA
1922,218,209,0,4.390000000000003,NA,NA,NA,0.0967741935483871,62,489,147,66,4,32,81,132,131,132,1,9,2,2370,371,1960,1,3,1
1923,NA,223,NA,NA,NA,NA,NA,0.08823529411764701,31,67,192,131,4.8,25,61,NA,93.5,NA,NA,4,NA,2370,371,1960,NA,2,NA
1924,NA,NA,NA,NA,NA,NA,NA,NA,NA,NA,NA,NA,NA,NA,NA,NA,NA,NA,NA,NA,NA,NA,NA,NA,NA,NA,NA
1925,212,272,0,0.2,NA,NA,NA,0.21904761904761905,37,4.8,235,123,2.6,5.5,112,NA,NA,NA,NA,NA,NA,2370,371,1960,NA,NA,NA
1926,204,211,0.2,0.8,NA,NA,NA,0.17647058823529413,18,942,193,75,1.44,13,118,135,134,135,1,7,1,2370,371,1960,1,3,1
1927,320,209,0,6.5,NA,NA,NA,0.09090909090909091,20,144,189,140,4.8,23,49,NA,126,NA,NA,9,NA,2370,371,1960,NA,3,NA
1928,255,215,0,0.9,NA,NA,NA,0.14142857142857146,33,1400,182,19,1.66,3.4,163,NA,176,NA,NA,4,NA,2370,371,1960,NA,1,NA
1929,258,210,0,0,NA,NA,NA,0.26969696969696966,15,9,195,91,0.2,3.9,104,NA,NA,NA,NA,NA,NA,2370,371,1960,NA,NA,NA
1930,NA,179,NA,NA,NA,NA,NA,0.1464285714285714,20,1740,159,57,0.9,6,102,NA,154,NA,NA,3,NA,2370,371,1960,NA,1,NA
1931,NA,NA,NA,NA,NA,NA,NA,NA,NA,NA,NA,NA,NA,NA,NA,NA,NA,NA,NA,NA,NA,NA,NA,NA,NA,NA,NA
1932,NA,NA,NA,NA,NA,NA,NA,NA,NA,NA,NA,NA,NA,NA,NA,NA,NA,NA,NA,NA,NA,NA,NA,NA,NA,NA,NA
1933,NA,NA,NA,NA,NA,NA,NA,NA,NA,NA,NA,NA,NA,NA,NA,NA,NA,NA,NA,NA,NA,NA,NA,NA,NA,NA,NA
1934,NA,NA,NA,NA,NA,NA,NA,NA,NA,NA,NA,NA,NA,NA,NA,NA,NA,NA,NA,NA,NA,NA,NA,NA,NA,NA,NA
1935,NA,NA,NA,NA,NA,NA,NA,NA,NA,NA,NA,NA,NA,NA,NA,NA,NA,NA,NA,NA,NA,NA,NA,NA,NA,NA,NA
1936,NA,NA,NA,NA,NA,NA,NA,NA,NA,NA,NA,NA,NA,NA,NA,NA,NA,NA,NA,NA,NA,NA,NA,NA,NA,NA,NA
1937,NA,NA,NA,NA,NA,NA,NA,NA,NA,NA,NA,NA,NA,NA,NA,NA,NA,NA,NA,NA,NA,NA,NA,NA,NA,NA,NA
1938,NA,NA,NA,NA,NA,NA,NA,NA,NA,NA,NA,NA,NA,NA,NA,NA,NA,NA,NA,NA,NA,NA,NA,NA,NA,NA,NA
1939,NA,NA,NA,NA,NA,NA,NA,NA,NA,NA,NA,NA,NA,NA,NA,NA,NA,NA,NA,NA,NA,NA,NA,NA,NA,NA,NA
1940,NA,NA,NA,NA,NA,NA,NA,NA,NA,NA,NA,NA,NA,NA,NA,NA,NA,NA,NA,NA,NA,NA,NA,NA,NA,NA,NA
1941,NA,NA,NA,NA,NA,NA,NA,NA,NA,NA,NA,NA,NA,NA,NA,NA,NA,NA,NA,NA,NA,NA,NA,NA,NA,NA,NA
1942,NA,NA,NA,NA,NA,NA,NA,NA,NA,NA,NA,NA,NA,NA,NA,NA,NA,NA,NA,NA,NA,NA,NA,NA,NA,NA,NA
1943,NA,NA,NA,NA,NA,NA,NA,NA,NA,NA,NA,NA,NA,NA,NA,NA,NA,NA,NA,NA,NA,NA,NA,NA,NA,NA,NA
1944,NA,NA,NA,NA,NA,NA,NA,NA,NA,NA,NA,NA,NA,NA,NA,NA,NA,NA,NA,NA,NA,NA,NA,NA,NA,NA,NA
1945,NA,NA,NA,NA,NA,NA,NA,NA,NA,NA,NA,NA,NA,NA,NA,NA,NA,NA,NA,NA,NA,NA,NA,NA,NA,NA,NA
1946,NA,NA,NA,NA,NA,NA,NA,NA,NA,NA,NA,NA,NA,NA,NA,NA,NA,NA,NA,NA,NA,NA,NA,NA,NA,NA,NA
1947,NA,NA,NA,NA,NA,NA,NA,NA,NA,NA,NA,NA,NA,NA,NA,NA,NA,NA,NA,NA,NA,NA,NA,NA,NA,NA,NA
1948,NA,NA,NA,NA,NA,NA,NA,NA,NA,NA,NA,NA,NA,NA,NA,NA,NA,NA,NA,NA,NA,NA,NA,NA,NA,NA,NA
1949,NA,NA,NA,NA,NA,NA,NA,NA,NA,NA,NA,NA,NA,NA,NA,NA,NA,NA,NA,NA,NA,NA,NA,NA,NA,NA,NA
1950,NA,NA,NA,NA,NA,NA,NA,NA,NA,NA,NA,NA,NA,NA,NA,NA,NA,NA,NA,NA,NA,NA,NA,NA,NA,NA,NA
1951,NA,NA,NA,NA,NA,NA,NA,NA,NA,NA,NA,NA,NA,NA,NA,NA,NA,NA,NA,NA,NA,NA,NA,NA,NA,NA,NA
1952,NA,NA,NA,NA,NA,NA,NA,NA,NA,NA,NA,NA,NA,NA,NA,NA,NA,NA,NA,NA,NA,NA,NA,NA,NA,NA,NA
1953,NA,NA,NA,NA,NA,NA,NA,NA,NA,NA,NA,NA,NA,NA,NA,NA,NA,NA,NA,NA,NA,NA,NA,NA,NA,NA,NA
1954,NA,NA,NA,NA,NA,NA,NA,NA,NA,NA,NA,NA,NA,NA,NA,NA,NA,NA,NA,NA,NA,NA,NA,NA,NA,NA,NA
1955,NA,NA,NA,NA,NA,NA,NA,NA,NA,NA,NA,NA,NA,NA,NA,NA,NA,NA,NA,NA,NA,NA,NA,NA,NA,NA,NA
1956,NA,NA,NA,NA,NA,NA,NA,NA,NA,NA,NA,NA,NA,NA,NA,NA,NA,NA,NA,NA,NA,NA,NA,NA,NA,NA,NA
1957,NA,NA,NA,NA,NA,NA,NA,NA,NA,NA,NA,NA,NA,NA,NA,NA,NA,NA,NA,NA,NA,NA,NA,NA,NA,NA,NA
1958,267,225,0.6,13,NA,NA,NA,0.07708616010854816,37,5450,188,76,40,167.5,112,162,153.5,162,3,23,3,2370,371,1960,2,8,2
1959,314,167,0,2.6,4,1.9971219650577754,55,0.12121212121212119,20,865,147,21,3.5,103,126,138,140.5,138,1,5,1,2370,371,1960,1,2,1
1960,240,241,0,0.2,NA,NA,NA,0.14285714285714282,105,883,136,21,0.2,34,115,NA,131,NA,NA,2,NA,2370,371,1960,NA,1,NA
1961,230,259,0.1,0.2,NA,NA,NA,0.3693181818181819,44,2.4,215,100,1.1,2.4,115,NA,NA,NA,NA,NA,NA,2370,371,1960,NA,NA,NA
1962,286,190,0.15000000000000002,1.9,NA,NA,NA,0.09999999999999998,29,670,161,38,0.1,69.5,123,NA,136,NA,NA,8,NA,2370,371,1960,NA,3,NA
1963,226,241,0.3,2.6,NA,NA,NA,0.07692307692307693,35,186,206,96,1.4,28.5,110,123,128.5,123,1,4,1,2370,371,1960,1,2,1
1964,221,218,0,0.7,NA,NA,NA,0.11111111111111108,100,196,118,17,1.2,1.8,101,NA,NA,NA,NA,NA,NA,2370,371,1960,NA,NA,NA
1965,210,228,0.2,6.019999999999999,NA,NA,NA,0.10811688311688311,32,569,196,123,8.32,22,73,NA,139.5,NA,NA,7,NA,2370,371,1960,NA,4,NA
1966,246,181,0.3,1.8,3,9.999711352537886,49,0.06674082313681867,28,13,153,81,3.8,12,72,NA,NA,NA,NA,NA,NA,2370,371,1960,NA,NA,NA
1967,224,239,0.2,6.9,NA,NA,NA,0.1,32,352,207,146,3.6,36,61,NA,139,113,NA,12,1,2370,371,1960,NA,6,1
1968,302,201,0,1.6,NA,NA,NA,0.0954545454545454,28,54,173,76,2.6,7.949999999999999,97,NA,NA,NA,NA,NA,NA,2370,371,1960,NA,NA,NA
1969,NA,274,NA,NA,NA,NA,NA,0.10717703349282293,117,864,157,20,12,77,137,NA,148,NA,NA,8,NA,2370,371,1960,NA,1,NA
1970,104,313,43,58,NA,NA,NA,0.15873015873015872,31,39,282,NA,NA,NA,NA,NA,NA,NA,NA,NA,NA,2370,371,1960,NA,NA,NA
1971,15,438,1.4,16.6,3,79.99580851500357,40,0.15053763440860218,144,43,294,243,3.6200000000000006,9.4,51,NA,NA,NA,NA,NA,NA,2370,371,1960,NA,NA,NA
1972,177,310,7.7,11,9,17.000965648586018,1,0.02083333333333326,21,84,289,274,1.3,9.4,15,NA,NA,NA,NA,NA,NA,2370,371,1960,NA,NA,NA
1973,NA,187,NA,NA,NA,NA,NA,0.1510256410256411,21,155,166,45,0.642,121,121,NA,140,NA,NA,12,NA,2370,371,1960,NA,2,NA
1974,186,341,9.5,15,NA,NA,NA,0.09090909090909091,146,266,195,NA,NA,NA,NA,NA,NA,NA,NA,NA,NA,2370,371,1960,NA,NA,NA
1975,NA,346,NA,NA,NA,NA,NA,0.08333333333333323,167,371,179,18,4.4799999999999995,5.7,161,NA,175,NA,NA,1,NA,2370,371,1960,NA,1,NA
1976,NA,313,NA,NA,NA,NA,NA,0.09437321937321937,71,6.2,242,NA,NA,NA,NA,NA,NA,NA,NA,NA,NA,2370,371,1960,NA,NA,NA
1977,203,267,0.47,9.900000000000006,NA,NA,NA,0.12,173,7.2,94,NA,NA,NA,NA,NA,NA,NA,NA,NA,NA,2370,371,1960,NA,NA,NA
1978,220,350,9.8,12,5,1.1082394331485699,41,0.07179487179487182,189,812,161,57,1.6,2.5,104,NA,155,NA,NA,5,NA,2370,371,1960,NA,1,NA
1979,139,358,8,11,NA,NA,NA,0.07142857142857142,140,12,218,14,5.33,6.15,204,NA,NA,NA,NA,NA,NA,2370,371,1960,NA,NA,NA
1980,29,343,11,16.2,NA,NA,NA,0.07594936708860765,194,1990,149,18,7.480000000000001,14,131,NA,142,144,NA,7,2,2370,371,1960,NA,1,1
1981,249,204,32,67,NA,NA,NA,0.26666666666666666,10,15,194,188,0.76,13,6,NA,NA,NA,NA,NA,NA,2370,371,1960,NA,NA,NA
1982,265,208,8.7,29,4,57.01345133193943,50,0.18296823658269445,10,756,198,111,0.97,6.3,87,NA,165.5,NA,NA,18,NA,2370,371,1960,NA,4,NA
1983,191,224,0.4,3,NA,NA,NA,0.08571428571428566,46,586,178,71,8.3,389,107,153,149,153,1,40,2,2370,371,1960,1,5,1
1984,93,285,0.16,0.288,3,1.2575652882775714,41,0.08333333333333323,192,251,93,44,0.473,0.935,49,NA,NA,NA,NA,NA,NA,2370,371,1960,NA,NA,NA
1985,220,277,0.3,0.53,NA,NA,NA,0.11111111111111106,20,4,257,245,0.24,0.42,12,NA,NA,NA,NA,NA,NA,2370,371,1960,NA,NA,NA
1986,210,182,0.25,0.86,4,11.470213595161601,65,0.14885857724732404,17,1530,165,34,0.468,287,131,NA,158,142,NA,18,4,2370,371,1960,NA,3,1
1987,NA,NA,NA,NA,NA,NA,NA,NA,NA,11,199,173,0.18599999999999997,0.51,26,NA,NA,NA,NA,NA,NA,2370,371,1960,NA,NA,NA
1988,109,342,0.36,0.43,6,5.464911679506949,61,0.09413067552602432,225,13,117,34,0.38,8.850000000000001,83,NA,NA,NA,NA,NA,NA,2370,371,1960,NA,NA,NA
1989,316,175,0.29,0.52,NA,NA,NA,0.10416666666666664,18,5.7,157,72,0.36,3.1,85,NA,NA,NA,NA,NA,NA,2370,371,1960,NA,NA,NA
1990,213,315,0.29,0.8640000000000003,6,2.261404458699778,24,0.08630952380952384,165,10,150,25,0.24,0.4,125,NA,NA,NA,NA,NA,NA,2370,371,1960,NA,NA,NA
1991,216,193,0.48,0.81,3,11.138468747635603,75,0.14285714285714282,13,630,180,18,0.711,0.75,162,NA,175,NA,NA,2,NA,2370,371,1960,NA,1,NA
1992,100,371,0.695,3.210000000000001,4,2.484924063767022,25,0.06000000000000005,170,0.59,201,158,0.387,0.8049999999999999,43,NA,NA,NA,NA,NA,NA,2370,371,1960,NA,NA,NA
1993,71,330,21,46,3,3.046887359574346,67,0.09367167919799507,148,373,182,82,0.81,2.1500000000000004,100,NA,141,NA,NA,9,NA,2370,371,1960,NA,3,NA
1994,302,168,0.27,0.62,3,57.289146859966614,2,0.10050462573591246,105,35,63,28,31,32,35,NA,NA,NA,NA,NA,NA,2370,371,1960,NA,NA,NA
1995,295,192,0.52,1.7,5,11.152344357479391,35,0.050000000000000044,12,1350,180,76,1.7,3.7,104,NA,161,NA,NA,16,NA,2370,371,1960,NA,5,NA
1996,272,181,1.1,2.2900000000000005,6,1.2516889454136526,72,0.43636363636363634,20,838,161,40,0.728,57.5,121,NA,153.5,145,NA,14,1,2370,371,1960,NA,4,1
1997,343,141,0.96,19.80000000000001,3,2.2786406763580884,47,0.06370370370370373,19,2110,122,35,1,54,87,NA,104,116.5,NA,13,4,2370,371,1960,NA,2,2
1998,95,307,0.3,1.1,5,20.0004247626601,1,0.08333333333333323,158,1410,149,31,0.76,706,118,NA,128,129.5,NA,23,2,2370,371,1960,NA,2,2
1999,219,276,0.18,0.4260000000000005,NA,NA,NA,0.1666666666666666,30,0.24,246,210,0.20900000000000002,0.415,36,NA,NA,NA,NA,NA,NA,2370,371,1960,NA,NA,NA
2000,482,192,0.19,0.63,NA,NA,NA,0.19999999999999998,25,54,167,38,0.38900000000000007,9.95,129,NA,NA,NA,NA,NA,NA,2370,371,1960,NA,NA,NA
2001,92,349,7.2,9.399000000000001,NA,NA,NA,0.17269736842105263,23,39,326,18,0,14.5,308,NA,NA,NA,NA,NA,NA,2370,371,1960,NA,NA,NA
2002,169,268,1.03,10.760000000000023,NA,NA,NA,0.06127610966057444,173,481,95,20,0.27,1.01,75,NA,90,NA,NA,3,NA,2370,371,1960,NA,1,NA
2003,NA,348,NA,NA,2,9.61174398441826,0,0.05357569959339879,251,259,97,26,0.92,1.48,71,NA,NA,NA,NA,NA,NA,2370,371,1960,NA,NA,NA
2004,165,334,4.74,9.069999999999999,7,16.510921992323116,19,0.011547344110854462,64,9.8,270,NA,NA,NA,NA,NA,NA,NA,NA,NA,NA,2370,371,1960,NA,NA,NA
2005,203,331,0.83,9.84,NA,NA,NA,0.07142857142857148,152,256,179,46,0.5449999999999999,68.4,133,NA,143,NA,NA,3,NA,2370,371,1960,NA,1,NA
2006,NA,323,NA,NA,8,6.593021312741129,13,0.07142857142857148,132,1070,191,23,0.696,2.38,168,NA,186,NA,NA,3,NA,2370,371,1960,NA,1,NA
2007,NA,350,NA,NA,4,14.003127902549446,0,0.22625698324022347,75,18.3,275,NA,NA,NA,NA,NA,NA,NA,NA,NA,NA,2370,371,1960,NA,NA,NA
2008,311,277,0.31,0.64,NA,NA,NA,0.0869565217391305,142,287,135,NA,NA,NA,NA,NA,130,NA,NA,1,NA,2370,371,1960,NA,1,NA
2009,116,363,0.45,9.19,4,10.551882073558298,46,0.12,68,12,295,73,0.35,9.19,222,NA,NA,NA,NA,NA,NA,2370,371,1960,NA,NA,NA
2010,165,361,0.5,0.95,7,11.0156770034872,13,0.06837886656130054,155,104,206,93,3.146,23.1,113,NA,150,NA,NA,4,NA,2370,371,1960,NA,1,NA
2011,NA,228,NA,NA,4,1.158827541588225,51,0.06553919312778039,48,879,180,20,0.5910000000000001,1.5950000000000002,160,NA,170,NA,NA,8,NA,2370,371,1960,NA,1,NA
2012,NA,346,NA,NA,5,11.222792237119322,1,0.01923254738788721,62,10.3,284,NA,NA,NA,NA,NA,NA,NA,NA,NA,NA,2370,371,1960,NA,NA,NA
2013,NA,326,NA,NA,NA,NA,NA,0.05128205128205133,109,7.9,217,NA,NA,NA,NA,NA,NA,NA,NA,NA,NA,2370,371,1960,NA,NA,NA
2014,259,193,0.13,0.7320000000000002,2,8.71634534201036,2,0.1842105263157895,20,4.83,173,NA,NA,NA,NA,NA,NA,NA,NA,NA,NA,2370,371,1960,NA,NA,NA
2015,NA,333,NA,NA,6,1.6223429991513898,32,0.052216086094590816,48,16,285,199,5.488,11.3,86,NA,NA,NA,NA,NA,NA,2370,371,1960,NA,NA,NA
2016,210,253,11,11.6,NA,NA,NA,0.014317180616740173,16,11.1,237,NA,NA,NA,NA,NA,NA,NA,NA,NA,NA,2370,371,1960,NA,NA,NA
2017,190,189,8.344999999999999,11.6,NA,NA,NA,0.10460875331564981,10,271,179,82,1.1,443.5,97,NA,129.5,NA,NA,42,NA,2370,371,1960,NA,4,NA
2018,NA,NA,NA,NA,NA,NA,NA,NA,NA,10.1,218,205,1.154,5.48,13,NA,NA,NA,NA,NA,NA,2370,371,1960,NA,NA,NA
2019,NA,341,NA,NA,4,14.501812861008966,74,0.04318936877076409,181,391,160,34,1.463,50.5,126,NA,145.5,NA,NA,7,NA,2370,371,1960,NA,2,NA
2020,NA,316,NA,NA,2,29.984133880182732,46,0.03846153846153849,39,12.5,277,NA,NA,NA,NA,NA,NA,NA,NA,NA,NA,2370,371,1960,NA,NA,NA
