metric,status_code,status,alteration_type,median_in_iqr,comid
DS_Dur_WS,0,indeterminate,high,FALSE,948040328
DS_Tim,0,indeterminate,early,FALSE,948040328
DS_Mag_50,-1,likely_altered,low,FALSE,948040328
DS_Mag_90,-1,likely_altered,low,FALSE,948040328
FA_Dur,1,likely_unaltered,none_found,TRUE,948040328
FA_Mag,-1,likely_altered,low,FALSE,948040328
FA_Tim,1,likely_unaltered,none_found,TRUE,948040328
SP_ROC,0,indeterminate,low,FALSE,948040328
SP_Dur,-1,likely_altered,low,FALSE,948040328
SP_Mag,-1,likely_altered,low,FALSE,948040328
SP_Tim,0,indeterminate,unknown,TRUE,948040328
Wet_BFL_Dur,-1,likely_altered,low,FALSE,948040328
Wet_BFL_Mag_10,-1,likely_altered,low,FALSE,948040328
Wet_BFL_Mag_50,-1,likely_altered,low,FALSE,948040328
Wet_Tim,-1,likely_altered,late,FALSE,948040328
Peak_Dur_10,1,likely_unaltered,none_found,TRUE,948040328
Peak_Dur_2,1,likely_unaltered,none_found,FALSE,948040328
Peak_Dur_5,1,likely_unaltered,none_found,TRUE,948040328
Peak_10,1,likely_unaltered,none_found,TRUE,948040328
Peak_2,-1,likely_altered,low,FALSE,948040328
Peak_5,1,likely_unaltered,none_found,TRUE,948040328
Peak_Fre_10,1,likely_unaltered,none_found,TRUE,948040328
Peak_Fre_2,1,likely_unaltered,none_found,TRUE,948040328
Peak_Fre_5,1,likely_unaltered,none_found,TRUE,948040328
