Year,DS_Dur_WS,DS_Tim,DS_Mag_50,DS_Mag_90,FA_Dur,FA_Mag,FA_Tim,SP_ROC,SP_Dur,SP_Mag,SP_Tim,Wet_BFL_Dur,Wet_BFL_Mag_10,Wet_BFL_Mag_50,Wet_Tim,Peak_Tim_10,Peak_Tim_2,Peak_Tim_5,Peak_Dur_10,Peak_Dur_2,Peak_Dur_5,Peak_10,Peak_2,Peak_5,Peak_Fre_10,Peak_Fre_2,Peak_Fre_5
1924,338,270,0.4,26.600000000000023,NA,NA,NA,0.25000000000000006,166,244,104,81,0.8,1,23,NA,NA,NA,NA,NA,NA,1172,322,1046,NA,NA,NA
1925,161,327,0.2,0.7,5,3.8245506421592164,39,0.30952380952380953,48,1040,279,37,0.6,149,242,NA,283,267,NA,27,1,1172,322,1046,NA,4,1
1926,201,287,0.2,0.4,5,278.99994487538225,7,0.2897465437788018,41,1130,246,124,0.6,131,122,235,213,237,1,35,5,1172,322,1046,1,9,2
1927,279,316,0.7,60.20000000000002,3,91.98178840323668,56,0.33333333333333326,62,736,254,132,6.2500000000000036,218.5,122,NA,220,NA,NA,41,NA,1172,322,1046,NA,12,NA
1928,NA,267,NA,NA,7,26.985023116065847,56,NA,NA,848,NA,NA,NA,NA,229,NA,300,NA,NA,10,NA,1172,322,1046,NA,2,NA
1929,NA,NA,NA,NA,NA,NA,NA,NA,NA,NA,NA,NA,NA,NA,NA,NA,NA,NA,NA,NA,NA,NA,NA,NA,NA,NA,NA
1930,NA,NA,NA,NA,NA,NA,NA,NA,NA,NA,NA,NA,NA,NA,NA,NA,NA,NA,NA,NA,NA,NA,NA,NA,NA,NA,NA
1931,NA,NA,NA,NA,NA,NA,NA,NA,NA,NA,NA,NA,NA,NA,NA,NA,NA,NA,NA,NA,NA,NA,NA,NA,NA,NA,NA
1932,NA,NA,NA,NA,NA,NA,NA,NA,NA,NA,NA,NA,NA,NA,NA,NA,NA,NA,NA,NA,NA,NA,NA,NA,NA,NA,NA
1933,NA,NA,NA,NA,NA,NA,NA,NA,NA,NA,NA,NA,NA,NA,NA,NA,NA,NA,NA,NA,NA,NA,NA,NA,NA,NA,NA
1934,NA,NA,NA,NA,NA,NA,NA,NA,NA,NA,NA,NA,NA,NA,NA,NA,NA,NA,NA,NA,NA,NA,NA,NA,NA,NA,NA
1935,NA,NA,NA,NA,NA,NA,NA,NA,NA,NA,NA,NA,NA,NA,NA,NA,NA,NA,NA,NA,NA,NA,NA,NA,NA,NA,NA
1936,NA,NA,NA,NA,NA,NA,NA,NA,NA,NA,NA,NA,NA,NA,NA,NA,NA,NA,NA,NA,NA,NA,NA,NA,NA,NA,NA
1937,NA,NA,NA,NA,NA,NA,NA,NA,NA,NA,NA,NA,NA,NA,NA,NA,NA,NA,NA,NA,NA,NA,NA,NA,NA,NA,NA
1938,NA,NA,NA,NA,NA,NA,NA,NA,NA,NA,NA,NA,NA,NA,NA,NA,NA,NA,NA,NA,NA,NA,NA,NA,NA,NA,NA
1939,NA,NA,NA,NA,NA,NA,NA,NA,NA,NA,NA,NA,NA,NA,NA,NA,NA,NA,NA,NA,NA,NA,NA,NA,NA,NA,NA
1940,NA,NA,NA,NA,NA,NA,NA,NA,NA,NA,NA,NA,NA,NA,NA,NA,NA,NA,NA,NA,NA,NA,NA,NA,NA,NA,NA
1941,NA,NA,NA,NA,NA,NA,NA,NA,NA,NA,NA,NA,NA,NA,NA,NA,NA,NA,NA,NA,NA,NA,NA,NA,NA,NA,NA
1942,NA,NA,NA,NA,NA,NA,NA,NA,NA,NA,NA,NA,NA,NA,NA,NA,NA,NA,NA,NA,NA,NA,NA,NA,NA,NA,NA
1943,NA,NA,NA,NA,NA,NA,NA,NA,NA,NA,NA,NA,NA,NA,NA,NA,NA,NA,NA,NA,NA,NA,NA,NA,NA,NA,NA
1944,NA,NA,NA,NA,NA,NA,NA,NA,NA,NA,NA,NA,NA,NA,NA,NA,NA,NA,NA,NA,NA,NA,NA,NA,NA,NA,NA
1945,NA,NA,NA,NA,NA,NA,NA,NA,NA,NA,NA,NA,NA,NA,NA,NA,NA,NA,NA,NA,NA,NA,NA,NA,NA,NA,NA
1946,NA,NA,NA,NA,NA,NA,NA,NA,NA,NA,NA,NA,NA,NA,NA,NA,NA,NA,NA,NA,NA,NA,NA,NA,NA,NA,NA
1947,NA,NA,NA,NA,NA,NA,NA,NA,NA,NA,NA,NA,NA,NA,NA,NA,NA,NA,NA,NA,NA,NA,NA,NA,NA,NA,NA
1948,NA,NA,NA,NA,NA,NA,NA,NA,NA,NA,NA,NA,NA,NA,NA,NA,NA,NA,NA,NA,NA,NA,NA,NA,NA,NA,NA
1949,NA,NA,NA,NA,NA,NA,NA,NA,NA,NA,NA,NA,NA,NA,NA,NA,NA,NA,NA,NA,NA,NA,NA,NA,NA,NA,NA
1950,NA,NA,NA,NA,NA,NA,NA,NA,NA,NA,NA,NA,NA,NA,NA,NA,NA,NA,NA,NA,NA,NA,NA,NA,NA,NA,NA
1951,NA,NA,NA,NA,NA,NA,NA,NA,NA,NA,NA,NA,NA,NA,NA,NA,NA,NA,NA,NA,NA,NA,NA,NA,NA,NA,NA
1952,NA,NA,NA,NA,NA,NA,NA,NA,NA,NA,NA,NA,NA,NA,NA,NA,NA,NA,NA,NA,NA,NA,NA,NA,NA,NA,NA
1953,NA,NA,NA,NA,NA,NA,NA,NA,NA,NA,NA,NA,NA,NA,NA,NA,NA,NA,NA,NA,NA,NA,NA,NA,NA,NA,NA
1954,NA,NA,NA,NA,NA,NA,NA,NA,NA,NA,NA,NA,NA,NA,NA,NA,NA,NA,NA,NA,NA,NA,NA,NA,NA,NA,NA
1955,NA,NA,NA,NA,NA,NA,NA,NA,NA,NA,NA,NA,NA,NA,NA,NA,NA,NA,NA,NA,NA,NA,NA,NA,NA,NA,NA
1956,NA,NA,NA,NA,NA,NA,NA,NA,NA,NA,NA,NA,NA,NA,NA,NA,NA,NA,NA,NA,NA,NA,NA,NA,NA,NA,NA
1957,NA,NA,NA,NA,NA,NA,NA,NA,NA,NA,NA,NA,NA,NA,NA,NA,NA,NA,NA,NA,NA,NA,NA,NA,NA,NA,NA
1958,NA,NA,NA,NA,NA,NA,NA,NA,NA,NA,NA,NA,NA,NA,NA,NA,NA,NA,NA,NA,NA,NA,NA,NA,NA,NA,NA
1959,NA,NA,NA,NA,NA,NA,NA,NA,NA,NA,NA,NA,NA,NA,NA,NA,NA,NA,NA,NA,NA,NA,NA,NA,NA,NA,NA
1960,NA,NA,NA,NA,NA,NA,NA,NA,NA,NA,NA,NA,NA,NA,NA,NA,NA,NA,NA,NA,NA,NA,NA,NA,NA,NA,NA
1961,NA,NA,NA,NA,NA,NA,NA,NA,NA,NA,NA,NA,NA,NA,NA,NA,NA,NA,NA,NA,NA,NA,NA,NA,NA,NA,NA
1962,NA,NA,NA,NA,NA,NA,NA,NA,NA,NA,NA,NA,NA,NA,NA,NA,NA,NA,NA,NA,NA,NA,NA,NA,NA,NA,NA
1963,NA,NA,NA,NA,NA,NA,NA,NA,NA,NA,NA,NA,NA,NA,NA,NA,NA,NA,NA,NA,NA,NA,NA,NA,NA,NA,NA
1964,NA,NA,NA,NA,NA,NA,NA,NA,NA,NA,NA,NA,NA,NA,NA,NA,NA,NA,NA,NA,NA,NA,NA,NA,NA,NA,NA
1965,NA,NA,NA,NA,NA,NA,NA,NA,NA,NA,NA,NA,NA,NA,NA,NA,NA,NA,NA,NA,NA,NA,NA,NA,NA,NA,NA
1966,NA,NA,NA,NA,NA,NA,NA,NA,NA,NA,NA,NA,NA,NA,NA,NA,NA,NA,NA,NA,NA,NA,NA,NA,NA,NA,NA
1967,NA,NA,NA,NA,NA,NA,NA,NA,NA,NA,NA,NA,NA,NA,NA,NA,NA,NA,NA,NA,NA,NA,NA,NA,NA,NA,NA
1968,NA,NA,NA,NA,NA,NA,NA,NA,NA,NA,NA,NA,NA,NA,NA,NA,NA,NA,NA,NA,NA,NA,NA,NA,NA,NA,NA
1969,NA,NA,NA,NA,NA,NA,NA,NA,NA,NA,NA,NA,NA,NA,NA,NA,NA,NA,NA,NA,NA,NA,NA,NA,NA,NA,NA
1970,NA,NA,NA,NA,NA,NA,NA,NA,NA,NA,NA,NA,NA,NA,NA,NA,NA,NA,NA,NA,NA,NA,NA,NA,NA,NA,NA
1971,NA,NA,NA,NA,NA,NA,NA,NA,NA,NA,NA,NA,NA,NA,NA,NA,NA,NA,NA,NA,NA,NA,NA,NA,NA,NA,NA
1972,NA,NA,NA,NA,NA,NA,NA,NA,NA,NA,NA,NA,NA,NA,NA,NA,NA,NA,NA,NA,NA,NA,NA,NA,NA,NA,NA
1973,NA,NA,NA,NA,NA,NA,NA,NA,NA,NA,NA,NA,NA,NA,NA,NA,NA,NA,NA,NA,NA,NA,NA,NA,NA,NA,NA
1974,NA,NA,NA,NA,NA,NA,NA,NA,NA,NA,NA,NA,NA,NA,NA,NA,NA,NA,NA,NA,NA,NA,NA,NA,NA,NA,NA
1975,NA,NA,NA,NA,NA,NA,NA,NA,NA,NA,NA,NA,NA,NA,NA,NA,NA,NA,NA,NA,NA,NA,NA,NA,NA,NA,NA
1976,NA,NA,NA,NA,NA,NA,NA,NA,NA,NA,NA,NA,NA,NA,NA,NA,NA,NA,NA,NA,NA,NA,NA,NA,NA,NA,NA
1977,NA,NA,NA,NA,NA,NA,NA,NA,NA,NA,NA,NA,NA,NA,NA,NA,NA,NA,NA,NA,NA,NA,NA,NA,NA,NA,NA
1978,NA,NA,NA,NA,NA,NA,NA,NA,NA,NA,NA,NA,NA,NA,NA,NA,NA,NA,NA,NA,NA,NA,NA,NA,NA,NA,NA
1979,NA,NA,NA,NA,NA,NA,NA,NA,NA,NA,NA,NA,NA,NA,NA,NA,NA,NA,NA,NA,NA,NA,NA,NA,NA,NA,NA
1980,NA,NA,NA,NA,NA,NA,NA,NA,NA,NA,NA,NA,NA,NA,NA,NA,NA,NA,NA,NA,NA,NA,NA,NA,NA,NA,NA
1981,NA,NA,NA,NA,NA,NA,NA,NA,NA,NA,NA,NA,NA,NA,NA,NA,NA,NA,NA,NA,NA,NA,NA,NA,NA,NA,NA
1982,NA,NA,NA,NA,NA,NA,NA,NA,NA,NA,NA,NA,NA,NA,NA,NA,NA,NA,NA,NA,NA,NA,NA,NA,NA,NA,NA
1983,NA,NA,NA,NA,NA,NA,NA,NA,NA,NA,NA,NA,NA,NA,NA,NA,NA,NA,NA,NA,NA,NA,NA,NA,NA,NA,NA
1984,NA,NA,NA,NA,NA,NA,NA,NA,NA,NA,NA,NA,NA,NA,NA,NA,NA,NA,NA,NA,NA,NA,NA,NA,NA,NA,NA
1985,NA,NA,NA,NA,NA,NA,NA,NA,NA,NA,NA,NA,NA,NA,NA,NA,NA,NA,NA,NA,NA,NA,NA,NA,NA,NA,NA
1986,NA,NA,NA,NA,NA,NA,NA,NA,NA,NA,NA,NA,NA,NA,NA,NA,NA,NA,NA,NA,NA,NA,NA,NA,NA,NA,NA
1987,NA,227,NA,NA,NA,NA,NA,0.06666666666666672,37,3.2,190,NA,NA,NA,NA,NA,NA,NA,NA,NA,NA,1172,322,1046,NA,NA,NA
1988,49,324,2.4,2.5,NA,NA,NA,0.03846153846153849,114,3,210,NA,NA,NA,NA,NA,NA,NA,NA,NA,NA,1172,322,1046,NA,NA,NA
1989,NA,311,NA,NA,NA,NA,NA,0.03846153846153849,21,2.6,290,283,1.6,2.4,7,NA,NA,NA,NA,NA,NA,1172,322,1046,NA,NA,NA
1990,NA,295,NA,NA,NA,NA,NA,0.040833333333333374,52,3.1,243,NA,NA,NA,NA,NA,NA,NA,NA,NA,NA,1172,322,1046,NA,NA,NA
1991,234,296,2.9,3.2,NA,NA,NA,0.03333333333333336,37,3.3,259,NA,NA,NA,NA,NA,NA,NA,NA,NA,NA,1172,322,1046,NA,NA,NA
1992,202,247,3.8,4,NA,NA,NA,0.04709212557900159,51,9.2,196,32,1.5,2.8499999999999996,164,NA,NA,NA,NA,NA,NA,1172,322,1046,NA,NA,NA
1993,NA,298,NA,NA,NA,NA,NA,0.017857142857142794,12,886,286,203,4.82,7.7,83,NA,165,NA,NA,5,NA,1172,322,1046,NA,3,NA
1994,254,250,5.75,6.8,NA,NA,NA,0.03174603174603177,106,7.5,144,NA,NA,NA,NA,NA,NA,NA,NA,NA,NA,1172,322,1046,NA,NA,NA
1995,210,292,3.7,6.6,4,17.99832708977704,38,0.05934718100890208,19,543,273,135,2.24,106,138,162,224.5,162.5,5,39,7,1172,322,1046,3,8,2
1996,126,266,3.9,15,2,9.094028358177196,17,0.041666666666666664,23,268,243,107,3.1,8,136,NA,195,NA,NA,6,NA,1172,322,1046,NA,2,NA
1997,353,241,5.6,9.5,NA,NA,NA,0.036231884057971016,144,3540,97,71,3.5,439,26,92,84.5,100,2,82,5,1172,322,1046,1,8,3
1998,41,341,4.2,284,NA,NA,NA,0.09766454352441614,74,843,267,39,4.6,438,228,NA,248,NA,NA,29,NA,1172,322,1046,NA,3,NA
1999,275,288,4.1,5.7,4,286.1218437512291,2,0.03077651515151511,217,807,71,55,6.98,303,16,NA,48,NA,NA,31,NA,1172,322,1046,NA,3,NA
2000,NA,301,NA,NA,NA,NA,NA,0.05357142857142854,12,632,289,92,3.8,4.15,197,NA,283.5,NA,NA,3,NA,1172,322,1046,NA,2,NA
2001,219,307,2.5,2.720000000000002,NA,NA,NA,0.03333333333333336,148,15,159,NA,NA,NA,NA,NA,NA,NA,NA,NA,NA,1172,322,1046,NA,NA,NA
2002,291,217,3.3,3.7,5,12.815270611524094,37,0.03175403225806454,9,28,208,48,1.4,2.1,160,NA,NA,NA,NA,NA,NA,1172,322,1046,NA,NA,NA
2003,NA,316,NA,NA,2,8.913794359597045,38,NA,NA,214,NA,NA,NA,NA,142,NA,NA,NA,NA,NA,NA,1172,322,1046,NA,NA,NA
2004,216,313,2.6500000000000004,15.5,9,186.8506727023101,13,0.040000000000000036,131,22,182,NA,NA,NA,NA,NA,NA,NA,NA,NA,NA,1172,322,1046,NA,NA,NA
2005,208,329,4.8,25,NA,NA,NA,0.04938271604938265,89,1180,240,77,4.48,114,163,236,227,207,1,36,12,1172,322,1046,1,3,5
2006,NA,268,NA,NA,NA,NA,NA,0.19047619047619047,18,521,250,79,9.92,407,171,NA,185,232,NA,44,1,1172,322,1046,NA,3,1
2007,385,251,4.1,4.860000000000002,NA,NA,NA,NA,15,58,236,NA,NA,NA,NA,NA,NA,NA,NA,NA,NA,1172,322,1046,NA,NA,NA
2008,NA,332,NA,NA,4,8.760801321315272,29,0.022727272727272846,11,159,321,51,4,4.2,270,NA,300,NA,NA,2,NA,1172,322,1046,NA,2,NA
2009,248,243,4.5,22,7,17.95715740300172,14,0.04545454545454549,207,41,36,NA,NA,NA,NA,NA,NA,NA,NA,NA,NA,1172,322,1046,NA,NA,NA
2010,156,304,4.7,6.300000000000001,2,247.9091527253247,13,0.036109303838646745,128,828,176,51,5.3,503,125,NA,197,NA,NA,37,NA,1172,322,1046,NA,2,NA
2011,NA,338,NA,NA,4,11.995767267295465,34,0.07551169590643275,75,740,263,169,56.8,282,94,NA,178,194,NA,85,1,1172,322,1046,NA,9,1
2012,460,230,5.2,5.7,3,73.99342302692952,21,NA,NA,209,347,NA,NA,NA,NA,NA,NA,NA,NA,NA,NA,1172,322,1046,NA,NA,NA
2013,266,202,4.5,6,NA,NA,NA,NA,NA,86,NA,NA,NA,NA,324,NA,NA,NA,NA,NA,NA,1172,322,1046,NA,NA,NA
2014,NA,315,NA,NA,NA,NA,NA,NA,NA,84,342,240,3.1800000000000006,5.25,102,NA,NA,NA,NA,NA,NA,1172,322,1046,NA,NA,NA
2015,113,274,6.4,7.159999999999999,2,24.99415380693706,2,0.07771260997067451,135,26,139,NA,NA,NA,NA,NA,NA,NA,NA,NA,NA,1172,322,1046,NA,NA,NA
2016,154,290,5.6,7.370000000000002,1,16.999900995252094,4,0.0175438596491229,53,217,237,216,3.8,5.7,21,NA,NA,NA,NA,NA,NA,1172,322,1046,NA,NA,NA
2017,193,307,5.7,6.580000000000001,1,73.98635925615221,3,0.030000000000000072,40,392,267,189,11,157,78,NA,195,135.5,NA,72,2,1172,322,1046,NA,8,2
2018,242,313,7.85,9.39,NA,NA,NA,0.0240963855421688,118,285,195,61,5.4,33,134,NA,180,NA,NA,3,NA,1172,322,1046,NA,2,NA
2019,64,319,7.4,8.07,NA,NA,NA,0.047777777777777794,67,388,252,63,6.2,179,189,NA,247,NA,NA,5,NA,1172,322,1046,NA,3,NA
2020,37,346,7.4,25,NA,NA,NA,0.02941176470588238,298,131,48,31,8.2,8.3,17,NA,365,NA,NA,NA,NA,1172,322,1046,NA,1,NA
