metric,status_code,status,alteration_type,median_in_iqr,comid
DS_Dur_WS,-1,likely_altered,low,FALSE,19771685
DS_Tim,1,likely_unaltered,none_found,FALSE,19771685
DS_Mag_50,-1,likely_altered,high,FALSE,19771685
DS_Mag_90,-1,likely_altered,high,FALSE,19771685
FA_Dur,1,likely_unaltered,none_found,TRUE,19771685
FA_Mag,-1,likely_altered,high,FALSE,19771685
FA_Tim,1,likely_unaltered,none_found,TRUE,19771685
SP_ROC,1,likely_unaltered,none_found,TRUE,19771685
SP_Dur,1,likely_unaltered,none_found,TRUE,19771685
SP_Mag,1,likely_unaltered,none_found,TRUE,19771685
SP_Tim,-1,likely_altered,late,FALSE,19771685
Wet_BFL_Dur,-1,likely_altered,high,FALSE,19771685
Wet_BFL_Mag_10,-1,likely_altered,high,FALSE,19771685
Wet_BFL_Mag_50,-1,likely_altered,high,FALSE,19771685
Wet_Tim,1,likely_unaltered,none_found,TRUE,19771685
Peak_Dur_10,-1,likely_altered,high,FALSE,19771685
Peak_Dur_2,1,likely_unaltered,none_found,FALSE,19771685
Peak_Dur_5,-1,likely_altered,high,FALSE,19771685
Peak_10,1,likely_unaltered,none_found,TRUE,19771685
Peak_2,1,likely_unaltered,none_found,FALSE,19771685
Peak_5,1,likely_unaltered,none_found,TRUE,19771685
Peak_Fre_10,1,likely_unaltered,none_found,TRUE,19771685
Peak_Fre_2,1,likely_unaltered,none_found,TRUE,19771685
Peak_Fre_5,1,likely_unaltered,none_found,TRUE,19771685
