agency_cd,site_id,station_nm,site_tp_cd,dec_lat_va,dec_long_va,coord_acy_cd,dec_coord_datum_cd,alt_va,alt_acy_va,alt_datum_cd,huc8,interval,parm_cd,stat_cd,ts_id,loc_web_ds,medium_grp_cd,parm_grp_cd,srs_id,access_cd,date_begin,date_end,count_nu,yr_begin,yr_end,yr_total,gagetype
USGS,10255800,COYOTE C NR BORREGO SPRINGS CA,ST,33.3736453,-116.4275137,F,"NAD83",1200,20,NGVD29,18100203,dv,00060,00003,204629,NA,wat,NA,1645423,0,1950-10-01,1983-09-29,12052,1950,1983,33,REF
USGS,10255810,BORREGO PALM C NR BORREGO SPRINGS CA,ST,33.27916667,-116.4305556,S,"NAD83",1290,20,NGVD29,18100203,dv,00060,00003,7227,NA,wat,NA,1645423,0,1950-10-01,2021-07-28,21726,1950,2021,71,REF
USGS,10257500,FALLS C NR WHITE WATER CA,ST,33.86946114,-116.6716824,S,"NAD83",1940,40,NGVD29,18100201,dv,00060,00003,7246,NA,wat,NA,1645423,0,1922-09-01,2021-07-28,12717,1922,2021,99,REF
USGS,10257600,MISSION C NR DESERT HOT SPRINGS CA,ST,33.9961722,-116.5960083,5,"NAD83",1894,1.6,"NAVD88",18100201,dv,00060,00003,7251,NA,wat,NA,1645423,0,1967-10-01,2021-07-28,19294,1967,2021,54,REF
USGS,10258000,TAHQUITZ C NR PALM SPRINGS CA,ST,33.80501929,-116.5591816,F,"NAD83",762.5,20,NGVD29,18100201,dv,00060,00003,7255,NA,wat,NA,1645423,0,1947-10-01,2021-07-28,26596,1947,2021,74,REF
USGS,10258500,PALM CYN C NR PALM SPRINGS CA,ST,33.74502178,-116.5355709,F,"NAD83",700,20,NGVD29,18100201,dv,00060,00003,7258,NA,wat,NA,1645423,0,1930-02-01,2021-07-28,31315,1930,2021,91,REF
USGS,10259000,ANDREAS C NR PALM SPRINGS CA,ST,33.7600211,-116.5500155,F,"NAD83",800,20,NGVD29,18100201,dv,00060,00003,7259,NA,wat,NA,1645423,0,1948-10-01,2021-07-28,26597,1948,2021,73,REF
USGS,10259200,DEEP C NR PALM DESERT CA,ST,33.63113647,-116.3922342,F,"NAD83",1440,20,NGVD29,18100201,dv,00060,00003,7262,NA,wat,NA,1645423,0,1962-05-01,2021-07-28,21636,1962,2021,59,REF
USGS,10263500,BIG ROCK C NR VALYERMO CA,ST,34.42083115,-117.8395072,F,"NAD83",4050,20,NGVD29,18090206,dv,00060,00003,295899,NA,wat,NA,1645423,0,1923-02-01,2021-07-28,35973,1923,2021,98,REF
USGS,10264000,LITTLE ROCK C AB LTTLE ROCK RES NR LITTLEROCK CA,ST,34.46388375,-118.0189578,S,"NAD83",3310,20,"NAVD88",18090206,dv,00060,00003,7338,NA,wat,NA,1645423,0,1930-10-01,2005-09-29,18603,1930,2005,75,REF
USGS,10264600,OAK C NR MOJAVE CA,ST,35.04996928,-118.3578592,F,"NAD83",4080,20,NGVD29,18090206,dv,00060,00003,7357,NA,wat,NA,1645423,0,1957-08-01,1986-09-30,10653,1957,1986,29,REF
USGS,10281800,INDEPENDENCE C BL PINYON C NR INDEPENDENCE CA,ST,36.7785438,-118.2645412,F,"NAD83",NA,NA,NA,18090103,dv,00060,00003,7428,NA,wat,NA,1645423,0,1923-01-01,1978-09-29,20361,1923,1978,55,REF
USGS,10291500,"BUCKEYE CK NR BRIDGEPORT, CA",ST,38.23880787,-119.3259923,U,"NAD83",6900,0.01,NGVD29,16050301,dv,00060,00003,102490,NA,wat,NA,1645423,0,1911-04-01,2015-10-13,16998,1911,2015,104,REF
USGS,10295500,"L WALKER RV NR BRIDGEPORT, CA",ST,38.3607482,-119.4448868,S,"NAD83",6790,20,NGVD29,16050302,dv,00060,00003,102501,NA,wat,NA,1645423,0,1944-10-01,2008-09-30,20089,1944,2008,64,REF
USGS,10308200,E FK CARSON RV BLW MARKLEEVILLE CK NR MARKLEEVILLE,ST,38.7146274,-119.7648985,S,"NAD83",5400,20,NGVD29,16050201,dv,00060,00003,102558,NA,wat,NA,1645423,0,1960-09-01,2021-07-28,22243,1960,2021,61,REF
USGS,10308783,LEVIATHAN C AB MINE NR MARKLEEVILLE CA,ST,38.7012952,-119.6565614,S,"NAD83",7200,40,NGVD29,16050201,dv,00060,00003,7467,NA,wat,NA,1645423,0,1998-10-22,2021-07-28,8313,1998,2021,23,REF
USGS,10310000,"W FK CARSON RV AT WOODFORDS, CA",ST,38.76962765,-119.833789,S,"NAD83",5754.5,0.1,NGVD29,16050201,dv,00060,00003,102582,NA,wat,NA,1645423,0,1900-10-01,2021-07-28,32805,1900,2021,121,REF
USGS,10336580,UPPER TRUCKEE RV AT S UPPER TRUCKEE RD NR MEYERS,ST,38.79629598,-120.0190718,S,"NAD83",6490,20,NGVD29,16050101,dv,00060,00003,102815,NA,wat,NA,1645423,0,1990-05-12,2011-10-11,7823,1990,2011,21,REF
USGS,10336600,UP TRUCKEE R NR MEYERS CA,ST,38.8429629,-120.0246274,F,"NAD83",NA,NA,NA,16050101,dv,00060,00003,204666,NA,wat,NA,1645423,0,1960-10-01,1986-09-29,9495,1960,1986,26,REF
USGS,10336645,GENERAL C NR MEEKS BAY CA,ST,39.05185197,-120.1185209,F,"NAD83",NA,NA,NA,16050101,dv,00060,00003,7505,NA,wat,NA,1645423,0,1980-07-07,2021-07-28,14997,1980,2021,41,REF
USGS,10336660,BLACKWOOD C NR TAHOE CITY CA,ST,39.10740708,-120.1621352,F,"NAD83",6234.59,20,NGVD29,16050101,dv,00060,00003,7528,NA,wat,NA,1645423,0,1960-10-01,2021-07-28,22215,1960,2021,61,REF
USGS,10336676,WARD C AT HWY 89 NR TAHOE PINES CA,ST,39.1321292,-120.1576913,F,"NAD83",NA,NA,NA,16050101,dv,00060,00003,7549,NA,wat,NA,1645423,0,1972-10-01,2021-07-28,17833,1972,2021,49,REF
USGS,10336770,"TROUT CK AT USFS RD 12N01 NR MEYERS, CA",ST,38.8632405,-119.9582367,S,"NAD83",6850,20,NGVD29,16050101,dv,00060,00003,236248,NA,wat,NA,1645423,0,1990-05-22,2011-03-31,7619,1990,2011,21,REF
USGS,10336780,"TROUT CK NR TAHOE VALLEY, CA",ST,38.9199077,-119.9724036,S,"NAD83",6241.57,5,NGVD29,16050101,dv,00060,00003,102875,NA,wat,NA,1645423,0,1960-10-01,2021-07-28,22208,1960,2021,61,REF
USGS,10340500,PROSSER C BL PROSSER C DAM NR TRUCKEE CA,ST,39.37324026,-120.131587,F,"NAD83",5572.62,20,NGVD29,16050102,dv,00060,00003,7629,NA,wat,NA,1645423,0,1942-10-01,2021-07-28,28607,1942,2021,79,REF
USGS,10343500,SAGEHEN C NR TRUCKEE CA,ST,39.43157246,-120.2379793,F,"NAD83",6320,20,NGVD29,16050102,dv,00060,00003,7647,NA,wat,NA,1645423,0,1953-10-01,2021-07-28,24771,1953,2021,68,REF
USGS,10360900,BIDWELL C BL MILL C NR FORT BIDWELL CA,ST,41.8823902,-120.1749508,S,"NAD83",4935,20,NGVD29,18080001,dv,00060,00003,7708,NA,wat,NA,1645423,0,1960-10-01,1982-09-29,8034,1960,1982,22,REF
USGS,11023250,POWAY C NR POWAY CA,ST,32.95365699,-117.0147528,F,"NAD83",NA,NA,NA,18070304,dv,00060,00003,204736,NA,wat,NA,1645423,0,1977-10-01,1987-09-29,3651,1977,1987,10,REF
USGS,11023310,RATTLESNAKE C A POWAY CA,ST,32.9519902,-117.0497537,F,"NAD83",NA,NA,NA,18070304,dv,00060,00003,7749,NA,wat,NA,1645423,0,1977-10-01,1989-09-30,4383,1977,1989,12,REF
USGS,11023325,BEELER C A POMERADO RD NR POWAY CA,ST,32.93976827,-117.0666984,F,"NAD83",NA,NA,NA,18070304,dv,00060,00003,7753,NA,wat,NA,1645423,0,1976-10-01,1989-09-30,4748,1976,1989,13,REF
USGS,11031500,AGUA CALIENTE C NR WARNER SPRINGS CA,ST,33.2886483,-116.6539084,F,"NAD83",NA,NA,NA,18070303,dv,00060,00003,204738,NA,wat,NA,1645423,0,1961-02-01,1987-09-29,9737,1961,1987,26,REF
USGS,11033000,WF SAN LUIS REY R NR WARNER SPRINGS CA,ST,33.2967036,-116.759744,F,"NAD83",2800,20,NGVD29,18070303,dv,00060,00003,7777,NA,wat,NA,1645423,0,1913-04-01,1986-09-29,11748,1913,1986,73,REF
USGS,11037700,PAUMA C NR PAUMA VALLEY CA,ST,33.33614497,-116.9744716,F,"NAD83",NA,NA,NA,18070303,dv,00060,00003,7782,NA,wat,NA,1645423,0,1964-10-01,1981-12-31,6301,1964,1981,17,REF
USGS,11046300,SAN MATEO C NR SAN CLEMENTE CA,ST,33.47085987,-117.4730986,S,"NAD83",402.44,0.16,"NAVD88",18070301,dv,00060,00003,7930,NA,wat,NA,1645423,0,1952-10-01,2021-07-28,15637,1952,2021,69,REF
USGS,11046500,SAN JUAN C NR SAN JUAN CAPISTRANO CA,ST,33.51891459,-117.6250493,F,"NAD83",150,10,NGVD29,18070301,dv,00060,00003,7953,NA,wat,NA,1645423,0,1928-10-01,1969-09-29,14974,1928,1969,41,REF
USGS,11048553,SAND CYN C A IRVINE CA,ST,33.65724307,-117.8275553,S,"NAD83",50,5,NGVD29,18070204,dv,00060,00003,7998,NA,wat,NA,1645423,0,2001-07-01,2014-03-30,4656,2001,2014,13,REF
USGS,11058600,WATERMAN CANYON CREEK NR ARROWHEAD SPRINGS CA,ST,34.1858333,-117.2722222,F,"NAD83",1840,20,NGVD29,18070203,dv,00060,00003,295956,NA,wat,NA,1645423,0,1911-11-01,2021-07-28,30125,1911,2021,110,REF
USGS,11063000,CAJON C NR KEENBROOK CA,ST,34.2669501,-117.4600497,F,"NAD83",2630,20,NGVD29,18070203,dv,00060,00003,8084,NA,wat,NA,1645423,0,1920-01-01,1982-09-30,20726,1920,1982,62,REF
USGS,11073470,CUCAMONGA C NR UPLAND CA,ST,34.1794521,-117.628943,F,"NAD83",2600,20,NGVD29,18070203,dv,00060,00003,8169,NA,wat,NA,1645423,0,1929-01-01,1975-09-29,17073,1929,1975,46,REF
USGS,11077000,SANTIAGO C NR VILLA PARK CA,ST,33.82279419,-117.7767213,F,"NAD83",430,10,NGVD29,18070203,dv,00060,00003,8221,NA,wat,NA,1645423,0,1920-10-01,1963-09-29,15704,1920,1963,43,REF
USGS,11080500,EF SAN GABRIEL R NR CAMP BONITA CA,ST,34.23583798,-117.8058928,F,"NAD83",1567.04,20,NGVD29,18070106,dv,00060,00003,8233,NA,wat,NA,1645423,0,1932-12-01,1979-09-29,17104,1932,1979,47,REF
USGS,11082000,WF SAN GABRIEL R A CAMP RINCON CA,ST,34.24111517,-117.8633948,F,"NAD83",1474.94,20,NGVD29,18070106,dv,00060,00003,295964,NA,wat,NA,1645423,0,1927-10-01,1978-09-29,18627,1927,1978,51,REF
USGS,11084500,FISH C NR DUARTE CA,ST,34.1658396,-117.92423,F,"NAD83",905.9,20,NGVD29,18070106,dv,00060,00003,8240,NA,wat,NA,1645423,0,1916-08-01,1979-09-29,22766,1916,1979,63,REF
USGS,11094000,BIG TUJUNGA C BL MILL C NR COLBY RANCH CA,ST,34.30916717,-118.1453499,F,"NAD83",2650,20,NGVD29,18070105,dv,00060,00003,8269,NA,wat,NA,1645423,0,1948-02-01,1971-09-29,8642,1948,1971,23,REF
USGS,11095500,BIG TUJUNGA C NR SUNLAND CA,ST,34.30055637,-118.2686878,F,"NAD83",1571.8,20,NGVD29,18070105,dv,00060,00003,8272,NA,wat,NA,1645423,0,1916-11-01,1977-09-29,22248,1916,1977,61,REF
USGS,11098000,ARROYO SECO NR PASADENA CA,ST,34.22222629,-118.1775727,F,"NAD83",1397.88,20,NGVD29,18070105,dv,00060,00003,8278,NA,wat,NA,1645423,0,1910-12-01,2021-07-28,39977,1910,2021,111,REF
USGS,11100000,SANTA ANITA C NR SIERRA MADRE CA,ST,34.1916716,-118.0172888,F,"NAD83",1475.3,20,NGVD29,18070105,dv,00060,00003,8281,NA,wat,NA,1645423,0,1916-10-01,1970-10-13,19736,1916,1970,54,REF
USGS,11110500,HOPPER CREEK NEAR PIRU CA,ST,34.40083045,-118.8264837,F,"NAD83",590,20,NGVD29,18070102,dv,00060,00003,8391,NA,wat,NA,1645423,0,1930-10-01,1983-09-29,18625,1930,1983,53,REF
USGS,11111500,SESPE CREEK NEAR WHEELER SPRINGS CA,ST,34.5777657,-119.2573347,S,"NAD83",3560,20,NGVD29,18070102,dv,00060,00003,8397,NA,wat,NA,1645423,0,1947-10-01,2021-07-28,25137,1947,2021,74,REF
USGS,11113000,SESPE C NR FILLMORE,ST,34.4416618,-118.9273212,F,"NAD83",565,20,NGVD29,18070102,dv,00060,00003,8402,NA,wat,NA,1645423,0,1911-08-31,2021-07-28,32942,1911,2021,110,REF
USGS,11115500,MATILIJA C A MATILIJA HOT SPRINGS,ST,34.48276995,-119.3017809,F,"NAD83",900,20,NGVD29,18070101,dv,00060,00003,8429,NA,wat,NA,1645423,0,1927-10-01,1988-09-29,22280,1927,1988,61,REF
USGS,11116000,NF MATILIJA C A MATILIJA HOT SPRINGS CA,ST,34.49249174,-119.3065034,F,"NAD83",1142.02,20,NGVD29,18070101,dv,00060,00003,8430,NA,wat,NA,1645423,0,1928-10-01,1983-09-29,19690,1928,1983,55,REF
USGS,11117600,COYOTE CREEK NEAR OAK VIEW CA,ST,34.41666158,-119.3706722,F,"NAD83",577.37,20,NGVD29,18070101,dv,00060,00003,205318,NA,wat,NA,1645423,0,1958-10-01,1988-09-29,10957,1958,1988,30,REF
USGS,11117800,SANTA ANA C NR OAK VIEW,ST,34.42360587,-119.3412265,F,"NAD83",612.43,20,NGVD29,18070101,dv,00060,00003,205329,NA,wat,NA,1645423,0,1958-10-01,1988-09-29,10957,1958,1988,30,REF
USGS,11120500,SAN JOSE C NR GOLETA CA,ST,34.45916286,-119.8090283,F,"NAD83",95.61,10,NGVD29,18060013,dv,00060,00003,8464,NA,wat,NA,1645423,0,1941-01-01,2021-07-28,29163,1941,2021,80,REF
USGS,11120510,SAN JOSE C A GOLETA CA,ST,34.43027415,-119.822083,F,"NAD83",NA,NA,NA,18060013,dv,00060,00003,8466,NA,wat,NA,1645423,0,1970-10-01,2000-09-30,9132,1970,2000,30,REF
USGS,11120520,SAN PEDRO C A GOLETA CA,ST,34.4486111,-119.8402778,5,"NAD83",60,10,NGVD29,18060013,dv,00060,00003,8469,NA,wat,NA,1645423,0,1970-10-01,2021-07-28,3526,1970,2021,51,REF
USGS,11120530,TECOLOTITO C NR GOLETA CA,ST,34.43471754,-119.8687502,F,"NAD83",NA,NA,NA,18060013,dv,00060,00003,8470,NA,wat,NA,1645423,0,1970-10-01,1991-09-30,3170,1970,1991,21,REF
USGS,11120550,GAVIOTA C NR GAVIOTA CA,ST,34.48776644,-120.2270947,F,"NAD83",NA,NA,NA,18060013,dv,00060,00003,8473,NA,wat,NA,1645423,0,1966-10-01,1986-09-29,7304,1966,1986,20,REF
USGS,11124500,SANTA CRUZ C NR SANTA YNEZ CA,ST,34.5966563,-119.9087519,F,"NAD83",783.38,20,NGVD29,18060010,dv,00060,00003,8497,NA,wat,NA,1645423,0,1941-10-01,2021-07-28,29154,1941,2021,80,REF
USGS,11128400,ALISAL C NR SOLVANG CA,ST,34.57637614,-120.1484816,S,"NAD83",400,20,NGVD29,18060010,dv,00060,00003,8536,NA,wat,NA,1645423,0,1954-10-01,1972-09-29,6207,1954,1972,18,REF
USGS,11132500,SALSIPUEDES C NR LOMPOC CA,ST,34.5885957,-120.4084938,F,"NAD83",220,20,NGVD29,18060010,dv,00060,00003,8557,NA,wat,NA,1645423,0,1941-04-01,2021-07-28,29337,1941,2021,80,REF
USGS,11134800,MIGUELITO C A LOMPOC CA,ST,34.6316501,-120.4648857,F,"NAD83",NA,NA,NA,18060010,dv,00060,00003,8571,NA,wat,NA,1645423,0,1970-10-01,2009-09-29,13733,1970,2009,39,REF
USGS,11138500,SISQUOC R NR SISQUOC CA,ST,34.83970289,-120.1682063,F,"NAD83",624.3,0.01,NGVD29,18060008,dv,00060,00003,8597,NA,wat,NA,1645423,0,1929-10-01,2020-09-30,26632,1929,2020,91,REF
USGS,11141150,ARROYO GRANDE AB PHOENIX C NR ARROYO GRANDE CA,ST,35.18858618,-120.4351621,F,"NAD83",NA,NA,NA,18060006,dv,00060,00003,8611,NA,wat,NA,1645423,0,1967-06-21,1992-09-30,9228,1967,1992,25,REF
USGS,11141280,LOPEZ C NR ARROYO GRANDE CA,ST,35.23553035,-120.4723857,F,"NAD83",580,20,NGVD29,18060006,dv,00060,00003,8616,NA,wat,NA,1645423,0,1967-07-21,2021-07-25,19725,1967,2021,54,REF
USGS,11143000,BIG SUR R NR BIG SUR CA,ST,36.24579648,-121.7732872,F,"NAD83",240,20,NGVD29,18060006,dv,00060,00003,8634,NA,wat,NA,1645423,0,1950-04-01,2021-07-27,26051,1950,2021,71,REF
USGS,11143500,SALINAS R NR POZO CA,ST,35.29858465,-120.4037709,F,"NAD83",1347.78,20,NGVD29,18060005,dv,00060,00003,295988,NA,wat,NA,1645423,0,1942-10-01,1983-09-29,14974,1942,1983,41,REF
USGS,11148900,"NACIMIENTO R BL SAPAQUE C NR BRYSON CA",ST,35.78857918,-121.0938048,F,"NAD83",812.04,0.16,"NAVD88",18060005,dv,00060,00003,8669,NA,wat,NA,1645423,0,1971-09-16,2021-07-28,18212,1971,2021,50,REF
USGS,11151300,SAN LORENZO C BL BITTERWATER C NR KING CITY CA,ST,36.26802087,-121.066303,F,"NAD83",429.32,0.16,"NAVD88",18060005,dv,00060,00003,8691,NA,wat,NA,1645423,0,1958-10-01,2021-07-28,22843,1958,2021,63,REF
USGS,11151870,ARROYO SECO NR GREENFIELD CA,ST,36.23746164,-121.4816027,F,"NAD83",778.1,0.16,"NAVD88",18060005,dv,00060,00003,8695,NA,wat,NA,1645423,0,1961-10-01,2021-07-28,9641,1961,2021,60,REF
USGS,11152900,CEDAR C NR BELL STATION CA,ST,37.0499451,-121.327431,F,"NAD83",NA,NA,NA,18060002,dv,00060,00003,8723,NA,wat,NA,1645423,0,1961-10-01,1982-09-29,7669,1961,1982,21,REF
USGS,11153470,LLAGAS C AB CHESBRO RES NR MORGAN HILL CA,ST,37.1483333,-121.7683333,S,"NAD83",668,1.6,"NAVD88",18060002,dv,00060,00003,8727,NA,wat,NA,1645423,0,1971-10-01,2010-09-29,6573,1971,2010,39,REF
USGS,11153900,UVAS C AB UVAS RES NR MORGAN HILL CA,ST,37.0927254,-121.7182818,F,"NAD83",486.47,20,NGVD29,18060002,dv,00060,00003,8736,NA,wat,NA,1645423,0,1961-08-01,1982-09-29,7730,1961,1982,21,REF
USGS,11154100,BODFISH C NR GILROY CA,ST,37.0041163,-121.6671686,F,"NAD83",NA,NA,NA,18060002,dv,00060,00003,8740,NA,wat,NA,1645423,0,1959-10-01,1982-09-29,8400,1959,1982,23,REF
USGS,11154700,CLEAR C NR IDRIA CA,ST,36.36079387,-120.7607315,S,"NAD83",2570,20,NGVD29,18060002,dv,00060,00003,295997,NA,wat,NA,1645423,0,1993-10-01,2016-04-11,7838,1993,2016,23,REF
USGS,11156500,SAN BENITO R NR WILLOW CREEK SCHOOL CA,ST,36.60940609,-121.2029797,F,"NAD83",925.52,20,NGVD29,18060002,dv,00060,00003,8748,NA,wat,NA,1645423,0,1939-10-01,2021-07-28,29885,1939,2021,82,REF
USGS,11159690,APTOS C NR APTOS CA,ST,37.00161665,-121.9060688,F,"NAD83",NA,NA,NA,18060015,dv,00060,00003,8765,NA,wat,NA,1645423,0,1971-10-01,1985-09-29,5113,1971,1985,14,REF
USGS,11160000,SOQUEL C A SOQUEL CA,ST,36.9913389,-121.9557933,F,"NAD83",21.38,10,NGVD29,18060015,dv,00060,00003,8772,NA,wat,NA,1645423,0,1951-05-01,2021-07-28,25657,1951,2021,70,REF
USGS,11160020,SAN LORENZO R NR BOULDER C CA,ST,37.20661136,-122.1449644,F,"NAD83",710,20,NGVD29,18060015,dv,00060,00003,8773,NA,wat,NA,1645423,0,1968-07-17,1992-12-31,8934,1968,1992,24,REF
USGS,11160070,BOULDER C AT BOULDER CREEK CA,ST,37.12661339,-122.1227425,F,"NAD83",NA,NA,NA,18060015,dv,00060,00003,296001,NA,wat,NA,1645423,0,1976-10-01,1992-12-31,5936,1976,1992,16,REF
USGS,11160300,ZAYANTE C A ZAYANTE CA,ST,37.08605874,-122.0469069,F,"NAD83",390,20,NGVD29,18060015,dv,00060,00003,8778,NA,wat,NA,1645423,0,1957-10-01,1992-12-31,12876,1957,1992,35,REF
USGS,11160500,SAN LORENZO R A BIG TREES CA,ST,37.0443931,-122.072464,F,"NAD83",227,20,NGVD29,18060015,dv,00060,00003,8785,NA,wat,NA,1645423,0,1936-10-01,2021-07-28,30982,1936,2021,85,REF
USGS,11162500,PESCADERO C NR PESCADERO CA,ST,37.26077707,-122.3288602,F,"NAD83",62.3,20,NGVD29,18050006,dv,00060,00003,8799,NA,wat,NA,1645423,0,1951-04-14,2021-07-28,25671,1951,2021,70,REF
USGS,11162540,BUTANO C NR PESCADERO CA,ST,37.23355579,-122.3666399,F,"NAD83",NA,NA,NA,18050006,dv,00060,00003,8802,NA,wat,NA,1645423,0,1962-07-01,1974-10-07,4482,1962,1974,12,REF
USGS,11162570,SAN GREGORIO C A SAN GREGORIO CA,ST,37.3257762,-122.3866404,S,"NAD83",11.4,0.01,NGVD29,18050006,dv,00060,00003,8803,NA,wat,NA,1645423,0,1969-10-01,2021-07-28,15884,1969,2021,52,REF
USGS,11169800,COYOTE C NR GILROY CA,ST,37.07772286,-121.4943832,F,"NAD83",790,20,NGVD29,18050003,dv,00060,00003,8896,NA,wat,NA,1645423,0,1960-10-01,2021-07-28,14179,1960,2021,61,REF
USGS,11172100,UP PENITENCIA C A SAN JOSE CA,ST,37.395217100000004,-121.8282872,F,"NAD83",265.3,0.01,NGVD29,18050003,dv,00060,00003,205397,NA,wat,NA,1645423,0,1961-10-01,1987-09-29,9495,1961,1987,26,REF
USGS,11172945,ALAMEDA C AB DIV DAM NR SUNOL CA,ST,37.4974356,-121.7735644,S,"NAD83",930,20,NGVD29,18050004,dv,00060,00003,296009,NA,wat,NA,1645423,0,1994-10-01,2021-07-28,9798,1994,2021,27,REF
USGS,11173200,ARROYO HONDO NR SAN JOSE CA,ST,37.46160337,-121.769397,F,"NAD83",786.83,0.16,"NAVD88",18050004,dv,00060,00003,8918,NA,wat,NA,1645423,0,1968-10-01,2021-07-28,14543,1968,2021,53,REF
USGS,11176400,ARROYO VALLE BL LANG CYN NR LIVERMORE CA,ST,37.56132196,-121.6838389,F,"NAD83",750,20,NGVD29,18050004,dv,00060,00003,8984,NA,wat,NA,1645423,0,1963-10-01,2021-07-28,21119,1963,2021,58,REF
USGS,11180500,DRY C A UNION CITY CA,ST,37.6060452,-122.0238504,F,"NAD83",85.12,0.01,NGVD29,18050004,dv,00060,00003,9042,NA,wat,NA,1645423,0,1916-10-01,2021-07-28,23857,1916,2021,105,REF
USGS,11180825,SAN LORENZO C AB DON CASTRO RES NR CASTRO V CA,ST,37.69520825,-122.044962,S,"NAD83",260,10,NGVD29,18050004,dv,00060,00003,9049,NA,wat,NA,1645423,0,1980-10-01,2021-07-28,13839,1980,2021,41,REF
USGS,11180960,CULL C AB CULL C RES NR CASTRO VALLEY CA,ST,37.71770737,-122.0544067,F,"NAD83",NA,NA,NA,18050004,dv,00060,00003,9059,NA,wat,NA,1645423,0,1978-10-01,2021-07-28,15640,1978,2021,43,REF
USGS,11181000,SAN LORENZO C A HAYWARD CA,ST,37.68548644,-122.064407,S,"NAD83",135.85,0.16,"NAVD88",18050004,dv,00060,00003,9066,NA,wat,NA,1645423,0,1940-04-01,2021-07-28,22240,1940,2021,81,REF
USGS,11181390,WILDCAT C A VALE RD AT RICHMOND CA,ST,37.9532571,-122.3383039,F,"NAD83",65.56,0.01,NGVD29,18050002,dv,00060,00003,9089,NA,wat,NA,1645423,0,1975-10-01,1996-06-09,7558,1975,1996,21,REF
USGS,11182100,PINOLE C A PINOLE CA,ST,37.97242309,-122.2463573,F,"NAD83",NA,NA,NA,18050002,dv,00060,00003,9096,NA,wat,NA,1645423,0,1938-12-01,1977-09-29,14183,1938,1977,39,REF
USGS,11182500,SAN RAMON C A SAN RAMON CA,ST,37.772983,-121.9946825,F,"NAD83",530,20,NGVD29,18050001,dv,00060,00003,9098,NA,wat,NA,1645423,0,1952-10-01,2021-07-28,25136,1952,2021,69,REF
USGS,11183000,SAN RAMON C AT WALNUT CREEK CA,ST,37.8843691,-122.0510736,F,"NAD83",NA,NA,NA,18050001,dv,00060,00003,9100,NA,wat,NA,1645423,0,1952-10-01,1973-09-30,7670,1952,1973,21,REF
USGS,11195500,SAN EMIGDIO C A SAN EMIGDIO RANCHHOUSE CA,ST,34.98163745,-119.1851097,F,"NAD83",1650,25,NGVD29,18030003,dv,00060,00003,9154,NA,wat,NA,1645423,0,1959-04-01,1981-09-29,8218,1959,1981,22,REF
USGS,11196400,CALIENTE C AB TEHACHAPI C NR CALIENTE CA,ST,35.31134824,-118.5703669,F,"NAD83",1590,20,NGVD29,18030003,dv,00060,00003,9157,NA,wat,NA,1645423,0,1961-10-01,1983-03-05,7826,1961,1983,22,REF
USGS,11197250,AVENAL C NR AVENAL CA,ST,35.85412696,-120.1270849,F,"NAD83",NA,NA,NA,18030012,dv,00060,00003,9163,NA,wat,NA,1645423,0,1961-10-01,1986-09-29,9130,1961,1986,25,REF
USGS,11199500,WHITE R NR DUCOR CA,ST,35.80995236,-118.9184294,F,"NAD83",695,10,NGVD29,18030005,dv,00060,00003,9166,NA,wat,NA,1645423,0,1942-10-01,2005-09-29,16677,1942,2005,63,REF
USGS,11203580,SF TULE R NR CHOLOLLO CAMPGROUND NR PORTERVILLE CA,ST,36.04828125,-118.6542556,S,"NAD83",3700,20,NGVD29,18030006,dv,00060,00003,9191,NA,wat,NA,1645423,0,2000-01-22,2021-07-28,7856,2000,2021,21,REF
USGS,11204100,SF TULE R NR RESERVATION BNDRY NR PORTERVILLE CA,ST,36.024116480000004,-118.8134258,S,"NAD83",970,20,NGVD29,18030006,dv,00060,00003,9202,NA,wat,NA,1645423,0,2000-09-02,2021-07-28,7632,2000,2021,21,REF
USGS,11208000,MARBLE F KAWEAH R (R ONLY) A POTWISHA CAMP CA,ST,36.5218899,-118.7992652,F,"NAD83",2210,20,NGVD29,18030007,dv,00060,00003,213549,NA,wat,NA,1645423,0,1950-04-01,2020-09-30,25329,1950,2020,70,REF
USGS,11208500,MF KAWEAH TRIB NR HAMMOND CA,ST,36.49300156,-118.825932,F,"NAD83",NA,NA,NA,18030007,dv,00060,00003,9237,NA,wat,NA,1645423,0,1967-06-01,1973-09-29,2313,1967,1973,6,REF
USGS,11209900,KAWEAH R A THREE RIVERS CA,ST,36.4438363,-118.9034335,F,"NAD83",809.62,0.01,NGVD29,18030007,dv,00060,00003,9264,NA,wat,NA,1645423,0,1958-10-01,1990-09-30,11688,1958,1990,32,REF
USGS,11213500,KINGS R AB NF NR TRIMMER CA,ST,36.8632806,-119.124282,F,"NAD83",1001.5,0.01,NGVD29,18030010,dv,00060,00003,9283,NA,wat,NA,1645423,0,1926-10-01,1982-09-29,19450,1926,1982,56,REF
USGS,11214000,NF KINGS R BL MEADOWBROOK CA,ST,37.08133045,-118.862888,F,"NAD83",8144.66,0.01,NGVD29,18030010,dv,00060,00003,9284,NA,wat,NA,1645423,0,1921-10-01,1981-09-29,13695,1921,1981,60,REF
USGS,11218500,KINGS R BL NF NR TRIMMER CA,ST,36.87466959,-119.1417828,F,"NAD83",942.42,0.01,NGVD29,18030010,dv,00060,00003,9317,NA,wat,NA,1645423,0,1962-03-01,1993-10-13,11550,1962,1993,31,REF
USGS,11220000,BIG C AB PINE FLAT RES NR TRIMMER CA,ST,36.91633697,-119.2445652,F,"NAD83",NA,NA,NA,18030010,dv,00060,00003,9321,NA,wat,NA,1645423,0,1953-10-01,1973-09-29,7304,1953,1973,20,REF
USGS,11220500,SYCAMORE C AB PINE FLAT RES NR TRIMMER CA,ST,36.9202264,-119.3098459,F,"NAD83",NA,NA,NA,18030010,dv,00060,00003,9322,NA,wat,NA,1645423,0,1953-05-01,1973-09-29,7457,1953,1973,20,REF
USGS,11224500,LOS GATOS C AB NUNEZ CYN NR COALINGA CA,ST,36.21467719,-120.4707116,F,"NAD83",1065.2,0.01,NGVD29,18030012,dv,00060,00003,9330,NA,wat,NA,1645423,0,1945-05-01,2021-07-28,27846,1945,2021,76,REF
USGS,11226500,SAN JOAQUIN R A MILLER CROSSING CA,ST,37.51049707,-119.1973476,F,"NAD83",4570,66,NGVD29,18040006,dv,00060,00003,9333,NA,wat,NA,1645423,0,1921-10-01,1991-09-29,17165,1921,1991,70,REF
USGS,11230500,BEAR C NR LAKE THOMAS A EDISON CA,ST,37.3393863,-118.9734513,F,"NAD83",7366.94,20,NGVD29,18040006,dv,00060,00003,213635,NA,wat,NA,1645423,0,1921-10-01,2020-09-30,36160,1921,2020,99,REF
USGS,11237500,PITMAN C BL TAMARACK C CA,ST,37.19855659,-119.2137328,F,"NAD83",7020,20,NGVD29,18040006,dv,00060,00003,213737,NA,wat,NA,1645423,0,1927-12-01,2020-09-30,33908,1927,2020,93,REF
USGS,11251000,SAN JOAQUIN R BL FRIANT CA,ST,36.98439397,-119.7243124,F,"NAD83",296.55,0.16,"NAVD88",18040001,dv,00060,00003,9427,NA,wat,NA,1645423,0,1907-10-01,2021-07-28,41542,1907,2021,114,REF
USGS,11253310,CANTUA C NR CANTUA CREEK CA,ST,36.40217399,-120.4334917,F,"NAD83",684.24,0.16,"NAVD88",18030009,dv,00060,00003,9441,NA,wat,NA,1645423,0,1966-10-01,2021-07-28,20023,1966,2021,55,REF
USGS,11257500,FRESNO R NR KNOWLES CA,ST,37.2371691,-119.7748763,F,"NAD83",1086.4,0.01,NGVD29,18040007,dv,00060,00003,9457,NA,wat,NA,1645423,0,1911-10-01,1990-09-30,27759,1911,1990,79,REF
USGS,11258000,FRESNO R BL HIDDEN DAM NR DAULTON CA,ST,37.09744734,-119.8896013,F,"NAD83",377.37,0.01,NGVD29,18040007,dv,00060,00003,9462,NA,wat,NA,1645423,0,1941-10-01,1990-09-29,17896,1941,1990,49,REF
USGS,11259000,CHOWCHILLA R BL BUCHANAN DAM NR RAYMOND CA,ST,37.21550105,-119.991276,F,"NAD83",407.32,0.01,NGVD29,18040001,dv,00060,00003,9475,NA,wat,NA,1645423,0,1921-10-01,1990-09-30,21547,1921,1990,69,REF
USGS,11264500,MERCED R A HAPPY ISLES BRIDGE NR YOSEMITE CA,ST,37.73131496,-119.5590514,S,"NAD83",4030,20,NGVD29,18040008,dv,00060,00003,9532,NA,wat,NA,1645423,0,1915-08-23,2021-07-28,38686,1915,2021,106,REF
USGS,11266500,MERCED R A POHONO BRIDGE NR YOSEMITE CA,ST,37.71687138,-119.6662788,F,"NAD83",3861.66,0.01,NGVD29,18040008,dv,00060,00003,9536,NA,wat,NA,1645423,0,1916-10-01,2021-07-28,38286,1916,2021,105,REF
USGS,11268000,SF MERCED R NR EL PORTAL CA,ST,37.6513197,-119.8854532,F,"NAD83",NA,NA,NA,18040008,dv,00060,00003,9542,NA,wat,NA,1645423,0,1951-04-01,1975-10-07,8956,1951,1975,24,REF
USGS,11269300,MAXWELL C A COULTERVILLE CA,ST,37.71604127,-120.1899102,F,"NAD83",NA,NA,NA,18040008,dv,00060,00003,9546,NA,wat,NA,1645423,0,1959-10-01,1980-09-29,7304,1959,1980,21,REF
USGS,11270900,MERCED R BL MERCED FALLS DAM NR SNELL CA,ST,37.5216029,-120.3324114,F,"NAD83",NA,NA,NA,18040008,dv,00060,00003,238143,NA,wat,NA,1645423,0,1901-04-01,2020-09-30,42918,1901,2020,119,REF
USGS,11274500,ORESTIMBA C NR NEWMAN CA,ST,37.31549247,-121.1252081,F,"NAD83",216.01,0.01,NGVD29,18040002,dv,00060,00003,9590,NA,wat,NA,1645423,0,1932-04-01,2021-07-28,32624,1932,2021,89,REF
USGS,11274630,DEL PUERTO C NR PATTERSON CA,ST,37.48659935,-121.2091026,F,"NAD83",NA,NA,NA,18040002,dv,00060,00003,9621,NA,wat,NA,1645423,0,1965-06-18,2021-07-28,20493,1965,2021,56,REF
USGS,11274790,TUOLUMNE R A GRAND CYN OF TUOLUMNE AB HETCH HETCHY,ST,37.9165884,-119.6598938,S,"NAD83",3830,20,NGVD29,18040009,dv,00060,00003,9623,NA,wat,NA,1645423,0,2006-10-12,2021-07-28,5396,2006,2021,15,REF
USGS,11275000,FALLS C NR HETCH HETCHY CA,ST,37.97075376,-119.7643429,F,"NAD83",5350,20,NGVD29,18040009,dv,00060,00003,9634,NA,wat,NA,1645423,0,1915-10-01,1983-09-29,24744,1915,1983,68,REF
USGS,11281000,SF TUOLUMNE R NR OAKLAND RECREATION CAMP CA,ST,37.82159266,-120.0129616,S,"NAD83",2800,25,NGVD29,18040009,dv,00060,00003,9675,NA,wat,NA,1645423,0,1923-04-01,2002-09-30,28673,1923,2002,79,REF
USGS,11282000,M TUOLUMNE R A OAKLAND RECREATION CAMP CA,ST,37.82825915,-120.0115727,S,"NAD83",2800,25,NGVD29,18040009,dv,00060,00003,9677,NA,wat,NA,1645423,0,1916-10-01,2002-09-30,31046,1916,2002,86,REF
USGS,11283500,CLAVEY R NR BUCK MEADOWS CA,ST,37.90048017,-120.0718517,S,"NAD83",2374.08,0.01,NGVD29,18040009,dv,00060,00003,9686,NA,wat,NA,1645423,0,1959-10-01,1995-06-13,11942,1959,1995,36,REF
USGS,11284400,BIG C AB WHITES GULCH NR GROVELAND CA,ST,37.8418714,-120.1849103,F,"NAD83",2561.79,0.01,NGVD29,18040009,dv,00060,00003,9687,NA,wat,NA,1645423,0,1969-05-01,2021-07-28,19080,1969,2021,52,REF
USGS,11292500,CLARK FORK STANISLAUS R NR DARDANELLE CA,ST,38.36380105,-119.8712915,F,"NAD83",5507.3,0.01,NGVD29,18040010,dv,00060,00003,9734,NA,wat,NA,1645423,0,1950-10-01,1994-09-30,16071,1950,1994,44,REF
USGS,11294000,HIGHLAND C BL SPICER MEADOWS RES CA,ST,38.3929682,-119.9990737,F,"NAD83",6340,20,NGVD29,18040010,dv,00060,00003,216942,NA,wat,NA,1645423,0,1952-10-01,2020-09-30,24837,1952,2020,68,REF
USGS,11294500,NF STANISLAUS R NR AVERY CA,ST,38.2438067,-120.2910282,F,"NAD83",3388.3,0.01,NGVD29,18040010,dv,00060,00003,216944,NA,wat,NA,1645423,0,1914-10-01,2020-09-30,37621,1914,2020,106,REF
USGS,11299600,BLACK C NR COPPEROPOLIS CA,ST,37.96103615,-120.6152035,F,"NAD83",748.73,0.16,"NAVD88",18040010,dv,00060,00003,9809,NA,wat,NA,1645423,0,1983-08-24,2021-07-28,13851,1983,2021,38,REF
USGS,11315000,COLE C NR SALT SPRINGS DAM CA,ST,38.5190783,-120.2126928,F,"NAD83",5920,20,NGVD29,18040012,dv,00060,00003,213496,NA,wat,NA,1645423,0,1927-10-01,2020-09-30,33604,1927,2020,93,REF
USGS,11316800,FOREST C NR WILSEYVILLE CA,ST,38.40324566,-120.4468676,F,"NAD83",2950,20,NGVD29,18040012,dv,00060,00003,214064,NA,wat,NA,1645423,0,1960-08-01,2020-09-30,21976,1960,2020,60,REF
USGS,11318500,SF MOKELUMNE R NR WEST POINT CA,ST,38.36824625,-120.5454823,F,"NAD83",1950,20,NGVD29,18040012,dv,00060,00003,214066,NA,wat,NA,1645423,0,1933-10-01,2020-09-30,31777,1933,2020,87,REF
USGS,11334300,SF COSUMNES R NR RIVER PINES CA,ST,38.5568511,-120.7932682,F,"NAD83",NA,NA,NA,18040013,dv,00060,00003,9991,NA,wat,NA,1645423,0,1957-10-01,1980-09-29,8400,1957,1980,23,REF
USGS,11337500,MARSH C NR BYRON CA,ST,37.87325835,-121.7271752,F,"NAD83",177.87,0.01,NGVD29,18040003,dv,00060,00003,10041,NA,wat,NA,1645423,0,1953-04-01,1983-09-29,11139,1953,1983,30,REF
USGS,11341400,SACRAMENTO R NR MT SHASTA CA,ST,41.26654165,-122.311677,F,"NAD83",NA,NA,NA,18020005,dv,00060,00003,205425,NA,wat,NA,1645423,0,1959-10-01,1987-09-29,10226,1959,1987,28,REF
USGS,11355500,HAT C NR HAT CREEK CA,ST,40.6891111,-121.4228056,S,"NAD83",4290,20,NGVD29,18020003,dv,00060,00003,296116,NA,wat,NA,1645423,0,1926-07-07,2021-07-28,26642,1926,2021,95,REF
USGS,11371000,CLEAR C A FRENCH GULCH CA,ST,40.6948699,-122.6366845,F,"NAD83",1320.6,0.01,NGVD29,18020154,dv,00060,00003,10162,NA,wat,NA,1645423,0,1950-10-01,1993-09-30,15706,1950,1993,43,REF
USGS,11372000,CLEAR C NR IGO CA,ST,40.51320587,-122.5241795,F,"NAD83",675.79,0.16,"NAVD88",18020154,dv,00060,00003,10170,NA,wat,NA,1645423,0,1940-10-01,2021-07-28,29517,1940,2021,81,REF
USGS,11374000,COW C NR MILLVILLE CA,ST,40.50487467,-122.2330577,F,"NAD83",385.7,0.1,NGVD29,18020151,dv,00060,00003,10185,NA,wat,NA,1645423,0,1949-10-01,2021-07-28,26227,1949,2021,72,REF
USGS,11375700,NF COTTONWOOD C NR IGO CA,ST,40.4420952,-122.5502903,F,"NAD83",630,5,NGVD29,18020152,dv,00060,00003,10201,NA,wat,NA,1645423,0,1956-10-01,1980-09-29,8765,1956,1980,24,REF
USGS,11376500,BATTLE C NR COTTONWOOD CA,ST,40.39709897,-122.135831,F,"NAD83",421.47,0.01,NGVD29,18020153,dv,00060,00003,10249,NA,wat,NA,1645423,0,1940-10-01,1961-09-29,7669,1940,1961,21,REF
USGS,11377100,SACRAMENTO R AB BEND BRIDGE NR RED BLUFF CA,ST,40.28848836,-122.1866645,F,"NAD83",285.77,0.1,NGVD29,18020155,dv,00060,00003,10255,NA,wat,NA,1645423,0,1891-10-01,2021-07-28,47416,1891,2021,130,REF
USGS,11379000,ANTELOPE C NR RED BLUFF CA,ST,40.2037674,-122.1183272,F,"NAD83",360,5,NGVD29,18020156,dv,00060,00003,10273,NA,wat,NA,1645423,0,1940-10-01,1982-09-29,15339,1940,1982,42,REF
USGS,11390672,STONE CORRAL C NR SITES CA,ST,39.2882206,-122.3010909,F,"NAD83",NA,NA,NA,18020104,dv,00060,00003,10407,NA,wat,NA,1645423,0,1958-04-01,1985-09-29,9678,1958,1985,27,REF
USGS,11394500,MF FEATHER R NR MERRIMAC CA,ST,39.7082199,-121.2705175,F,"NAD83",NA,NA,NA,18020123,dv,00060,00003,10445,NA,wat,NA,1645423,0,1951-10-01,1986-09-29,12783,1951,1986,35,REF
USGS,11396400,SUCKER RUN NR FORBESTOWN CA,ST,39.55322067,-121.302185,F,"NAD83",NA,NA,NA,18020123,dv,00060,00003,10472,NA,wat,NA,1645423,0,1965-07-01,1987-09-30,8127,1965,1987,22,REF
USGS,11400000,BUTT C AB ALMANOR-BUTT C TU NR PRATTVILLE CA,ST,40.1896078,-121.1907965,F,"NAD83",4400,20,NGVD29,18020121,dv,00060,00003,10479,NA,wat,NA,1645423,0,1936-10-01,1964-09-29,10226,1936,1964,28,REF
USGS,11406999,FEATHER R A OROVILLE R ONLY CA,ST,39.52155294,-121.5477477,F,"NAD83",NA,NA,NA,18020159,dv,00060,00003,10561,NA,wat,NA,1645423,0,1973-10-01,2020-09-30,16070,1973,2020,47,REF
USGS,11408850,M YUBA R NR CAMPTONVILLE CA,ST,39.41683845,-120.9527274,F,"NAD83",NA,NA,NA,18020125,dv,00060,00003,10596,NA,wat,NA,1645423,0,1967-08-18,1989-09-30,8080,1967,1989,22,REF
USGS,11409300,OREGON C A CAMPTONVILLE CA,ST,39.4460031,-121.046343,F,"NAD83",2230,20,NGVD29,18020125,dv,00060,00003,10603,NA,wat,NA,1645423,0,1967-10-01,2000-09-30,12054,1967,2000,33,REF
USGS,11409500,OREGON C NR NORTH SAN JUAN CA,ST,39.4026698,-121.0774542,F,"NAD83",1580,20,NGVD29,18020125,dv,00060,00003,10610,NA,wat,NA,1645423,0,1911-10-01,1969-10-01,21186,1911,1969,58,REF
USGS,11413100,N YUBA R AB SLATE C NR STRAWBERRY CA,ST,39.52461288,-121.0916235,F,"NAD83",NA,NA,NA,18020125,dv,00060,00003,205469,NA,wat,NA,1645423,0,1968-07-01,1987-09-29,7030,1968,1987,19,REF
USGS,11413320,DEADWOOD C NR STRAWBERRY VALLEY CA,ST,39.54989055,-121.0944014,S,"NAD83",3275,12,NGVD29,18020125,dv,00060,00003,217680,NA,wat,NA,1645423,0,1994-10-01,2020-09-30,9132,1994,2020,26,REF
USGS,11413323,OWL GULCH NR STRAWBERRY VALLEY CA,ST,39.5454461,-121.0952348,S,"NAD83",3050,12,NGVD29,18020125,dv,00060,00003,217682,NA,wat,NA,1645423,0,1994-10-01,2020-09-30,8767,1994,2020,26,REF
USGS,11414000,S YUBA R NR CISCO CA,ST,39.3212909,-120.5643753,F,"NAD83",5520,20,NGVD29,18020125,dv,00060,00003,10657,NA,wat,NA,1645423,0,1942-10-01,1994-10-12,19005,1942,1994,52,REF
USGS,11418000,YUBA R BL ENGLEBRIGHT DAM NR SMARTSVILLE CA,ST,39.23517079,-121.2741256,F,"NAD83",NA,NA,NA,18020125,dv,00060,00003,217518,NA,wat,NA,1645423,0,1941-10-01,2020-09-30,28490,1941,2020,79,REF
USGS,11419000,YUBA R A SMARTSVILLE CA,ST,39.2235041,-121.2935704,F,"NAD83",264.17,0.01,NGVD29,18020125,dv,00060,00003,10753,NA,wat,NA,1645423,0,1903-10-01,1941-09-29,13879,1903,1941,38,REF
USGS,11426150,ONION C NR SODA SPRINGS CA,ST,39.26712708,-120.3649233,F,"NAD83",NA,NA,NA,18020128,dv,00060,00003,10826,NA,wat,NA,1645423,0,1959-10-01,1979-10-01,7306,1959,1979,20,REF
USGS,11427700,DUNCAN CYN C NR FRENCH MEADOWS CA,ST,39.1357376,-120.4785353,F,"NAD83",5270,2,NGVD29,18020128,dv,00060,00003,217492,NA,wat,NA,1645423,0,1961-07-31,2020-09-30,21612,1961,2020,59,REF
USGS,11433260,NF OF MF AMERICAN R NR FORESTHILL CA,ST,39.0240671,-120.7185401,F,"NAD83",NA,NA,NA,18020128,dv,00060,00003,10885,NA,wat,NA,1645423,0,1965-08-01,1985-09-29,7365,1965,1985,20,REF
USGS,11433300,MF AMERICAN R NR FORESTHILL CA,ST,39.0060108,-120.7607633,F,"NAD83",NA,NA,NA,18020128,dv,00060,00003,217474,NA,wat,NA,1645423,0,1958-10-01,2020-09-30,22646,1958,2020,62,REF
USGS,11433500,MF AMERICAN R NR AUBURN CA,ST,38.917954,-121.0152215,F,"NAD83",552.35,0.01,NGVD29,18020128,dv,00060,00003,10891,NA,wat,NA,1645423,0,1911-10-01,1986-01-31,26876,1911,1986,75,REF
USGS,11445500,SF AMERICAN R NR LOTUS CA,ST,38.81851188,-120.946885,F,"NAD83",635,20,NGVD29,18020129,dv,00060,00003,10964,NA,wat,NA,1645423,0,1951-10-01,1995-09-30,16071,1951,1995,44,REF
USGS,11449500,KELSEY C NR KELSEYVILLE CA,ST,38.92739984,-122.8436046,F,"NAD83",1475.44,0.01,NGVD29,18020116,dv,00060,00003,11062,NA,wat,NA,1645423,0,1946-10-01,2021-07-28,27327,1946,2021,75,REF
USGS,11451100,NF CACHE C A HOUGH SPRING NR CLEARLAKE OAKS CA,ST,39.1654458,-122.6199862,F,"NAD83",1840,20,NGVD29,18020116,dv,00060,00003,11067,NA,wat,NA,1645423,0,1971-10-01,2021-07-28,18197,1971,2021,50,REF
USGS,11451715,BEAR C AB HOLSTEN CHIMNEY CYN NR RUMSEY CA,ST,38.95767446,-122.3427535,S,"NAD83",920,20,NGVD29,18020116,dv,00060,00003,11082,NA,wat,NA,1645423,0,1997-11-20,2021-07-28,8650,1997,2021,24,REF
USGS,11457000,DRY C NR NAPA CA,ST,38.35630164,-122.364977,F,"NAD83",NA,NA,NA,18050002,dv,00060,00003,11265,NA,wat,NA,1645423,0,1951-04-01,1966-09-29,5661,1951,1966,15,REF
USGS,11458300,"NAPA C A NAPA",ST,38.3018588,-122.3038634,F,"NAD83",32.6,0.01,NGVD29,18050002,dv,00060,00003,11278,NA,wat,NA,1645423,0,1970-10-01,1983-09-29,4747,1970,1983,13,REF
USGS,11460100,ARROYO CORTE MADERA D PRES A MILL VALLEY CA,ST,37.8971482,-122.5360868,F,"NAD83",1.85,0.01,NGVD29,18050002,dv,00060,00003,11307,NA,wat,NA,1645423,0,1965-10-01,1986-09-29,7091,1965,1986,21,REF
USGS,11464500,DRY C NR CLOVERDALE CA,ST,38.74963216,-123.0922252,F,"NAD83",304.04,0.01,NGVD29,18010110,dv,00060,00003,11447,NA,wat,NA,1645423,0,1941-10-01,1980-09-29,14244,1941,1980,39,REF
USGS,11467200,AUSTIN C NR CAZADERO CA,ST,38.5065797,-123.0697239,S,"NAD83",40,20,NGVD29,18010110,dv,00060,00003,11537,NA,wat,NA,1645423,0,1959-06-01,2021-07-28,9187,1959,2021,62,REF
USGS,11467500,SF GUALALA R NR ANNAPOLIS CA,ST,38.70491205,-123.4230642,F,"NAD83",70,20,NGVD29,18010109,dv,00060,00003,11542,NA,wat,NA,1645423,0,1950-10-01,1994-06-30,8720,1950,1994,44,REF
USGS,11467600,GARCIA R NR POINT ARENA CA,ST,38.92629636,-123.6302925,F,"NAD83",55.31,0.01,NGVD29,18010108,dv,00060,00003,11550,NA,wat,NA,1645423,0,1962-08-01,1983-09-29,7730,1962,1983,21,REF
USGS,11468000,"NAVARRO R NR NAVARRO CA",ST,39.17045608,-123.668069,F,"NAD83",4.79,0.01,NGVD29,18010108,dv,00060,00003,11556,NA,wat,NA,1645423,0,1950-10-01,2021-07-28,25865,1950,2021,71,REF
USGS,11468500,NOYO R NR FORT BRAGG CA,ST,39.42822378,-123.7377917,F,"NAD83",11.73,0.01,NGVD29,18010108,dv,00060,00003,11572,NA,wat,NA,1645423,0,1951-10-01,2021-07-28,25502,1951,2021,70,REF
USGS,11468600,MF TEN MILE R NR FORT BRAGG CA,ST,39.57266134,-123.7002934,F,"NAD83",53.88,0.01,NGVD29,18010108,dv,00060,00003,11577,NA,wat,NA,1645423,0,1964-09-01,1973-10-25,3342,1964,1973,9,REF
USGS,11468900,MATTOLE R NR ETTERSBURG CA,ST,40.139309,-123.991423,S,"NAD83",578.93,0.01,NGVD29,18010107,dv,00060,00003,11579,NA,wat,NA,1645423,0,2001-06-21,2021-07-28,7341,2001,2021,20,REF
USGS,11472160,WILLITS C AB LK EMILY NR WILLITS CA,ST,39.449329,-123.3980667,S,"NAD83",1580,20,NGVD29,18010103,dv,00060,00003,11614,NA,wat,NA,1645423,0,2003-10-01,2012-09-29,3287,2003,2012,9,REF
USGS,11472900,BLACK BUTTE R NR COVELO CA,ST,39.82071008,-123.0816755,S,"NAD83",1456.71,0.01,NGVD29,18010104,dv,00060,00003,11632,NA,wat,NA,1645423,0,1958-10-01,2005-09-29,7668,1958,2005,47,REF
USGS,11473100,WILLIAMS C NR COVELO CA,ST,39.82487658,-123.1413996,F,"NAD83",1435.92,0.01,NGVD29,18010104,dv,00060,00003,11643,NA,wat,NA,1645423,0,1961-10-01,1969-10-01,2923,1961,1969,8,REF
USGS,11473900,MF EEL R NR DOS RIOS CA,ST,39.70626687,-123.3252913,F,"NAD83",901.58,0.01,NGVD29,18010104,dv,00060,00003,11655,NA,wat,NA,1645423,0,1965-10-01,2021-07-28,20387,1965,2021,56,REF
USGS,11474500,NF EEL R NR MINA CA,ST,39.9373742,-123.3469626,S,"NAD83",1016.8,0.01,NGVD29,18010105,dv,00060,00003,11665,NA,wat,NA,1645423,0,1953-10-01,2005-09-29,9867,1953,2005,52,REF
USGS,11475500,SF EEL R NR BRANSCOMB CA,ST,39.71904456,-123.652796,F,"NAD83",1383.63,0.01,NGVD29,18010106,dv,00060,00003,11687,NA,wat,NA,1645423,0,1946-10-01,1970-09-29,8765,1946,1970,24,REF
USGS,11475560,ELDER C NR BRANSCOMB CA,ST,39.7295997,-123.6439073,F,"NAD83",1391.08,0.01,NGVD29,18010106,dv,00060,00003,11694,NA,wat,NA,1645423,0,1967-10-01,2021-07-28,19651,1967,2021,54,REF
USGS,11475800,SF EEL R A LEGGETT CA,ST,39.8745957,-123.7205775,F,"NAD83",687.59,0.16,"NAVD88",18010106,dv,00060,00003,11705,NA,wat,NA,1645423,0,1965-10-01,2021-07-28,18255,1965,2021,56,REF
USGS,11476500,SF EEL R NR MIRANDA CA,ST,40.18181004,-123.7761426,F,"NAD83",217.57,0.01,NGVD29,18010106,dv,00060,00003,11711,NA,wat,NA,1645423,0,1939-10-01,2021-07-28,29885,1939,2021,82,REF
USGS,11476600,BULL C NR WEOTT CA,ST,40.351528,-124.0050423,S,"NAD83",269.36,0.01,NGVD29,18010106,dv,00060,00003,11715,NA,wat,NA,1645423,0,1960-10-01,2021-07-28,21728,1960,2021,61,REF
USGS,11477000,EEL R A SCOTIA CA,ST,40.49152384,-124.0997699,F,"NAD83",35.5,0.01,NGVD29,18010105,dv,00060,00003,11722,NA,wat,NA,1645423,0,1910-10-01,2021-07-28,39746,1910,2021,111,REF
USGS,11477500,VAN DUZEN R NR DINSMORE CA,ST,40.4845857,-123.6580935,F,"NAD83",1996.88,0.01,NGVD29,18010105,dv,00060,00003,11734,NA,wat,NA,1645423,0,1953-10-01,1974-09-29,5842,1953,1974,21,REF
USGS,11478500,VAN DUZEN R NR BRIDGEVILLE CA,ST,40.48041636,-123.890876,F,"NAD83",358.18,0.01,NGVD29,18010105,dv,00060,00003,11742,NA,wat,NA,1645423,0,1950-10-01,2021-07-28,25867,1950,2021,71,REF
USGS,11480390,MAD R AB RUTH RES NR FOREST GLEN CA,ST,40.28431329,-123.3353034,F,"NAD83",NA,NA,NA,18010102,dv,00060,00003,11749,NA,wat,NA,1645423,0,1980-06-20,2021-07-28,15012,1980,2021,41,REF
USGS,11480800,NF MAD R NR KORBEL CA,ST,40.88624107,-123.9417258,F,"NAD83",NA,NA,NA,18010102,dv,00060,00003,11764,NA,wat,NA,1645423,0,1957-10-01,1974-09-29,3285,1957,1974,17,REF
USGS,11481200,LITTLE R NR TRINIDAD CA,ST,41.0098479,-124.0814555,S,"NAD83",17.62,0.01,NGVD29,18010102,dv,00060,00003,11771,NA,wat,NA,1645423,0,1955-10-01,2021-07-28,24041,1955,2021,66,REF
USGS,11481500,REDWOOD C NR BLUE LAKE CA,ST,40.90596479,-123.815335,F,"NAD83",867.26,0.16,"NAVD88",18010102,dv,00060,00003,11775,NA,wat,NA,1645423,0,1953-10-01,2021-07-28,18194,1953,2021,68,REF
USGS,11482110,LACKS C NR ORICK CA,ST,41.060683,-123.8670069,F,"NAD83",NA,NA,NA,18010102,dv,00060,00003,11779,NA,wat,NA,1645423,0,1980-10-01,1991-10-28,4045,1980,1991,11,REF
USGS,11482120,REDWOOD C AB PANTHER C NR ORICK CA,ST,41.08901555,-123.907564,F,"NAD83",NA,NA,NA,18010102,dv,00060,00003,11780,NA,wat,NA,1645423,0,1980-10-01,1989-10-04,3291,1980,1989,9,REF
USGS,11482125,PANTHER C NR ORICK CA,ST,41.08846,-123.9083973,F,"NAD83",NA,NA,NA,18010102,dv,00060,00003,296196,NA,wat,NA,1645423,0,1979-10-01,1991-09-30,4383,1979,1991,12,REF
USGS,11482200,REDWOOD C AT S PARK BOUNDARY NR ORICK CA,ST,41.1717918,-123.9497889,F,"NAD83",226.84,0.01,NGVD29,18010102,dv,00060,00003,11790,NA,wat,NA,1645423,0,1970-10-01,1981-10-28,4046,1970,1981,11,REF
USGS,11482500,REDWOOD C A ORICK CA,ST,41.2992896,-124.0511825,F,"NAD83",8.97,0.16,"NAVD88",18010102,dv,00060,00003,11795,NA,wat,NA,1645423,0,1911-09-01,2021-07-28,25531,1911,2021,110,REF
USGS,11522300,SF SALMON R NR FORKS OF SALMON CA,ST,41.22207858,-123.2511584,F,"NAD83",NA,NA,NA,18010210,dv,00060,00003,11867,NA,wat,NA,1645423,0,1957-09-01,1965-09-29,2951,1957,1965,8,REF
USGS,11522500,SALMON R A SOMES BAR CA,ST,41.3765154,-123.4770026,S,"NAD83",482.97,0.01,NGVD29,18010210,dv,00060,00003,11871,NA,wat,NA,1645423,0,1911-10-01,2021-07-28,35727,1911,2021,110,REF
USGS,11523200,TRINITY R AB COFFEE C NR TRINITY CENTER CA,ST,41.1112571,-122.7055788,F,"NAD83",2536.93,0.01,NGVD29,18010211,dv,00060,00003,11886,NA,wat,NA,1645423,0,1957-10-01,2021-07-28,23310,1957,2021,64,REF
USGS,11525500,TRINITY R A LEWISTON CA,ST,40.7247222,-122.801111,F,"NAD83",1830,33,NGVD29,18010211,dv,00060,00003,11893,NA,wat,NA,1645423,0,1911-10-01,2021-07-28,40111,1911,2021,110,REF
USGS,11525530,RUSH C NR LEWISTON CA,ST,40.7245899,-122.8347458,1,"NAD83",1837,33,NGVD29,18010211,dv,00060,00003,11896,NA,wat,NA,1645423,0,2002-10-01,2021-07-28,6703,2002,2021,19,REF
USGS,11525670,INDIAN C NR DOUGLAS CITY CA,ST,40.65181225,-122.9144689,S,"NAD83",1700,66,NGVD29,18010211,dv,00060,00003,11917,NA,wat,NA,1645423,0,2004-10-01,2021-07-28,6135,2004,2021,17,REF
USGS,11526500,NF TRINITY R A HELENA CA,ST,40.7818089,-123.1283653,U,"NAD83",1460,66,NGVD29,18010211,dv,00060,00003,296199,NA,wat,NA,1645423,0,1911-10-01,2019-10-07,12225,1911,2019,108,REF
USGS,11527400,NEW R A DENNY CA,ST,40.9456916,-123.3830998,F,"NAD83",1349.34,0.01,NGVD29,18010211,dv,00060,00003,11941,NA,wat,NA,1645423,0,1927-10-01,1969-09-29,4205,1927,1969,42,REF
USGS,11528700,SF TRINITY R BL HYAMPOM CA,ST,40.6498627,-123.4942046,F,"NAD83",1211.37,0.01,NGVD29,18010212,dv,00060,00003,11957,NA,wat,NA,1645423,0,1965-10-01,2021-07-28,20388,1965,2021,56,REF
USGS,11529000,SF TRINITY R NR SALYER CA,ST,40.841525,-123.5678243,F,"NAD83",559.99,0.01,NGVD29,18010212,dv,00060,00003,11962,NA,wat,NA,1645423,0,1950-10-01,1982-04-30,6571,1950,1982,32,REF
USGS,11532000,SF SMITH R NR CRESCENT CITY CA,ST,41.7915024,-124.026187,F,"NAD83",NA,NA,NA,18010101,dv,00060,00003,12005,NA,wat,NA,1645423,0,1911-10-01,1979-09-29,4060,1911,1979,68,REF
USGS,11532500,SMITH R NR CRESCENT CITY CA,ST,41.7915026,-124.0761887,F,"NAD83",79.26,0.05,NGVD29,18010101,dv,00060,00003,12011,NA,wat,NA,1645423,0,1931-10-01,2021-07-28,32806,1931,2021,90,REF
